backend	asm_backend	shape	implementation	bytes	mode	repeat	iterations	ns	cycles	instructions	enabled	running
keccak1600-x86_64	keccak1600-x86_64	runtime	shared	0	throughput	0	142857	29492585	147793138	722571062	29498554	29498554
keccak1600-x86_64	keccak1600-x86_64	runtime	shared	0	latency	0	142011	30220134	150548169	718434007	59723207	59723207
keccak1600-x86_64	keccak1600-x86_64	fixed	shared	0	throughput	0	145675	30214594	150442993	732454250	89942040	89942040
keccak1600-x86_64	keccak1600-x86_64	fixed	shared	0	latency	0	143070	30440623	152043799	719499385	120387803	120387803
keccak1600-x86_64	keccak1600-x86_64	runtime	stack	0	throughput	0	143390	30253204	150818741	734300546	150645716	150645716
keccak1600-x86_64	keccak1600-x86_64	runtime	stack	0	latency	0	139636	30293253	151042614	715215944	180943009	180943009
keccak1600-x86_64	keccak1600-x86_64	fixed	stack	0	throughput	0	145344	30324094	150900072	738202530	211270702	211270702
keccak1600-x86_64	keccak1600-x86_64	fixed	stack	0	latency	0	140350	30277384	150976137	712978352	241551425	241551425
keccak1600-x86_64	keccak1600-x86_64	runtime	asm	0	throughput	0	146230	30170543	150600658	742702525	271725298	271725298
keccak1600-x86_64	keccak1600-x86_64	runtime	asm	0	latency	0	139737	30160854	150811278	709864316	301889381	301889381
keccak1600-x86_64	keccak1600-x86_64	fixed	asm	0	throughput	0	146564	30622883	152470047	737950098	332515604	332515604
keccak1600-x86_64	keccak1600-x86_64	fixed	asm	0	latency	0	140865	30314194	151144156	709396494	362833167	362833167
keccak1600-x86_64	keccak1600-x86_64	runtime	stack	0	throughput	1	142327	30356143	151370708	728856913	393193400	393193400
keccak1600-x86_64	keccak1600-x86_64	runtime	stack	0	latency	1	114421	24782586	123994689	586064711	417976018	417976018
keccak1600-x86_64	keccak1600-x86_64	fixed	stack	0	throughput	1	145785	30442913	151780362	740442373	448422831	448422831
keccak1600-x86_64	keccak1600-x86_64	fixed	stack	0	latency	1	140556	30293414	151146166	714024833	478719804	478719804
keccak1600-x86_64	keccak1600-x86_64	runtime	asm	0	throughput	1	147578	30400263	151736640	749549012	509123347	509123347
keccak1600-x86_64	keccak1600-x86_64	runtime	asm	0	latency	1	139636	30174344	150885659	709351232	539301030	539301030
keccak1600-x86_64	keccak1600-x86_64	fixed	asm	0	throughput	1	144905	30242934	150707405	729597026	569547543	569547543
keccak1600-x86_64	keccak1600-x86_64	fixed	asm	0	latency	1	140865	30174753	150734479	709396484	599726536	599726536
keccak1600-x86_64	keccak1600-x86_64	runtime	shared	0	throughput	1	141802	29700095	148105260	717234871	629430080	629430080
keccak1600-x86_64	keccak1600-x86_64	runtime	shared	0	latency	1	142857	30315714	151147231	722713909	659749163	659749163
keccak1600-x86_64	keccak1600-x86_64	fixed	shared	0	throughput	1	146788	30256154	150874831	738050414	690008726	690008726
keccak1600-x86_64	keccak1600-x86_64	fixed	shared	0	latency	1	142974	30355204	151347702	719016602	720368629	720368629
keccak1600-x86_64	keccak1600-x86_64	runtime	asm	0	throughput	2	146341	30388233	150691424	743266282	750761522	750761522
keccak1600-x86_64	keccak1600-x86_64	runtime	asm	0	latency	2	139130	30380634	150860043	706780752	781147635	781147635
keccak1600-x86_64	keccak1600-x86_64	fixed	asm	0	throughput	2	145785	30544183	151566049	734027827	811696527	811696527
keccak1600-x86_64	keccak1600-x86_64	fixed	asm	0	latency	2	140145	30293303	150329582	705770571	841994800	841994800
keccak1600-x86_64	keccak1600-x86_64	runtime	shared	0	throughput	2	146901	30638763	152128719	743025611	872638593	872638593
keccak1600-x86_64	keccak1600-x86_64	runtime	shared	0	latency	2	142327	30590273	152320383	720032640	903235816	903235816
keccak1600-x86_64	keccak1600-x86_64	fixed	shared	0	throughput	2	145896	30284684	150675570	733565439	933519039	933519039
keccak1600-x86_64	keccak1600-x86_64	fixed	shared	0	latency	2	143283	30474993	151716461	720570559	963997622	963997622
keccak1600-x86_64	keccak1600-x86_64	runtime	stack	0	throughput	2	144469	30444703	151592610	739826100	994446655	994446655
keccak1600-x86_64	keccak1600-x86_64	runtime	stack	0	latency	2	140043	30423404	151527755	717300592	1024874058	1024874058
keccak1600-x86_64	keccak1600-x86_64	fixed	stack	0	throughput	2	138030	29879484	148605207	701054718	1054757561	1054757561
keccak1600-x86_64	keccak1600-x86_64	fixed	stack	0	latency	2	140145	30401803	151449469	711936944	1085162994	1085162994
keccak1600-x86_64	keccak1600-x86_64	runtime	shared	0	throughput	3	146341	30407544	151186188	740193128	1115575577	1115575577
keccak1600-x86_64	keccak1600-x86_64	runtime	shared	0	latency	3	142538	30378333	151225565	721100094	1145959240	1145959240
keccak1600-x86_64	keccak1600-x86_64	fixed	shared	0	throughput	3	146901	30449403	151443533	738618582	1176413693	1176413693
keccak1600-x86_64	keccak1600-x86_64	fixed	shared	0	latency	3	143176	30305794	150883419	720032456	1206723756	1206723756
keccak1600-x86_64	keccak1600-x86_64	runtime	stack	0	throughput	3	142857	30352964	151117844	731571048	1237080209	1237080209
keccak1600-x86_64	keccak1600-x86_64	runtime	stack	0	latency	3	139342	30254274	150735322	713710071	1267338122	1267338122
keccak1600-x86_64	keccak1600-x86_64	fixed	stack	0	throughput	3	144360	30398253	151214718	733204794	1297739625	1297739625
keccak1600-x86_64	keccak1600-x86_64	fixed	stack	0	latency	3	139839	30256084	150393166	710382470	1327998938	1327998938
keccak1600-x86_64	keccak1600-x86_64	runtime	asm	0	throughput	3	146341	30374814	150781646	743266291	1358376891	1358376891
keccak1600-x86_64	keccak1600-x86_64	runtime	asm	0	latency	3	139332	30391803	151303462	707806911	1388764074	1388764074
keccak1600-x86_64	keccak1600-x86_64	fixed	asm	0	throughput	3	146007	30385703	151350524	735145594	1419153157	1419153157
keccak1600-x86_64	keccak1600-x86_64	fixed	asm	0	latency	3	140762	31041622	154609472	708877788	1450198239	1450198239
keccak1600-x86_64	keccak1600-x86_64	runtime	stack	0	throughput	4	144578	30485544	151900906	740384289	1480687092	1480687092
keccak1600-x86_64	keccak1600-x86_64	runtime	stack	0	latency	4	139433	30248903	150739132	714176177	1510939175	1510939175
keccak1600-x86_64	keccak1600-x86_64	fixed	stack	0	throughput	4	138030	30484273	151919748	701054721	1541426608	1541426608
keccak1600-x86_64	keccak1600-x86_64	fixed	stack	0	latency	4	139332	30309154	151052880	707806914	1571738901	1571738901
keccak1600-x86_64	keccak1600-x86_64	runtime	asm	0	throughput	4	146453	30896432	153943016	743835136	1602639373	1602639373
keccak1600-x86_64	keccak1600-x86_64	runtime	asm	0	latency	4	139839	30345044	151204371	710382474	1632988936	1632988936
keccak1600-x86_64	keccak1600-x86_64	fixed	asm	0	throughput	4	146341	30494603	151931651	736827289	1663487109	1663487109
keccak1600-x86_64	keccak1600-x86_64	fixed	asm	0	latency	4	140762	30375443	151377555	708877780	1693866342	1693866342
keccak1600-x86_64	keccak1600-x86_64	runtime	shared	0	throughput	4	145344	30346744	150920762	735150300	1724217095	1724217095
keccak1600-x86_64	keccak1600-x86_64	runtime	shared	0	latency	4	107744	22840600	113805667	545077230	1747061695	1747061695
keccak1600-x86_64	keccak1600-x86_64	fixed	shared	0	throughput	4	146788	30335013	151162084	738050417	1777399928	1777399928
keccak1600-x86_64	keccak1600-x86_64	fixed	shared	0	latency	4	143283	30263264	150822819	720570556	1807666411	1807666411
keccak1600-x86_64	keccak1600-x86_64	control	empty	0	throughput	0	2000000	2809264	14006837	32000318	1810478688	1810478688
keccak1600-x86_64	keccak1600-x86_64	control	empty	0	latency	0	2000000	12688122	64117555	34000335	1823170037	1823170037
keccak1600-x86_64	keccak1600-x86_64	runtime	shared	20	throughput	0	149882	30929062	154558048	757803758	1854102290	1854102290
keccak1600-x86_64	keccak1600-x86_64	runtime	shared	20	latency	0	145785	30339843	151071205	737672468	1884449313	1884449313
keccak1600-x86_64	keccak1600-x86_64	fixed	shared	20	throughput	0	146901	30333384	151026409	739206192	1914785767	1914785767
keccak1600-x86_64	keccak1600-x86_64	fixed	shared	20	latency	0	145896	30408703	151534474	734732626	1945197690	1945197690
keccak1600-x86_64	keccak1600-x86_64	runtime	stack	20	throughput	0	144796	30438114	151607118	741211086	1975632643	1975632643
keccak1600-x86_64	keccak1600-x86_64	runtime	stack	20	latency	0	142538	30277053	150890347	730222541	2005912946	2005912946
keccak1600-x86_64	keccak1600-x86_64	fixed	stack	20	throughput	0	144469	30274334	150608256	734191824	2036190439	2036190439
keccak1600-x86_64	keccak1600-x86_64	fixed	stack	20	latency	0	143283	30341263	150742061	728737705	2066534912	2066534912
keccak1600-x86_64	keccak1600-x86_64	runtime	asm	20	throughput	0	145344	30296264	150721613	737911863	2096826345	2096826345
keccak1600-x86_64	keccak1600-x86_64	runtime	asm	20	latency	0	143070	30396323	151366480	726939040	2127227518	2127227518
keccak1600-x86_64	keccak1600-x86_64	fixed	asm	20	throughput	0	146453	31657581	157599954	737977037	2158889240	2158889240
keccak1600-x86_64	keccak1600-x86_64	fixed	asm	20	latency	0	144687	30327013	150852629	729656903	2189219733	2189219733
keccak1600-x86_64	keccak1600-x86_64	runtime	stack	20	throughput	1	144469	30280504	150734896	739537172	2219503406	2219503406
keccak1600-x86_64	keccak1600-x86_64	runtime	stack	20	latency	1	142538	30264344	150828964	730222541	2249770999	2249770999
keccak1600-x86_64	keccak1600-x86_64	fixed	stack	20	throughput	1	144905	30264833	150824569	736407575	2280039392	2280039392
keccak1600-x86_64	keccak1600-x86_64	fixed	stack	20	latency	1	143497	30209514	150576090	729826110	2310252015	2310252015
keccak1600-x86_64	keccak1600-x86_64	runtime	asm	20	throughput	1	145564	30230674	150676851	739028792	2340485699	2340485699
keccak1600-x86_64	keccak1600-x86_64	runtime	asm	20	latency	1	144360	30533573	152131098	733493525	2371022401	2371022401
keccak1600-x86_64	keccak1600-x86_64	fixed	asm	20	throughput	1	145234	30064344	149650419	731834490	2401081945	2401081945
keccak1600-x86_64	keccak1600-x86_64	fixed	asm	20	latency	1	145015	30362083	151312222	731311016	2431447158	2431447158
keccak1600-x86_64	keccak1600-x86_64	runtime	shared	20	throughput	1	147013	30419714	151578121	743298096	2461870091	2461870091
keccak1600-x86_64	keccak1600-x86_64	runtime	shared	20	latency	1	145344	30142914	150242145	735441008	2492016364	2492016364
keccak1600-x86_64	keccak1600-x86_64	fixed	shared	20	throughput	1	144360	30106734	150000463	726419880	2522126407	2522126407
keccak1600-x86_64	keccak1600-x86_64	fixed	shared	20	latency	1	146007	30385873	151321809	735291616	2552509640	2552509640
keccak1600-x86_64	keccak1600-x86_64	runtime	asm	20	throughput	2	145124	30240394	150675714	736794914	2582753473	2582753473
keccak1600-x86_64	keccak1600-x86_64	runtime	asm	20	latency	2	144144	30441253	151634559	732396028	2613197866	2613197866
keccak1600-x86_64	keccak1600-x86_64	fixed	asm	20	throughput	2	146564	30358214	151209502	738536361	2643559279	2643559279
keccak1600-x86_64	keccak1600-x86_64	fixed	asm	20	latency	2	144371	30393314	151178417	728063316	2673956312	2673956312
keccak1600-x86_64	keccak1600-x86_64	runtime	shared	20	throughput	2	145344	30116674	149743232	734859624	2704076675	2704076675
keccak1600-x86_64	keccak1600-x86_64	runtime	shared	20	latency	2	145896	30383933	151379882	738234128	2734464428	2734464428
keccak1600-x86_64	keccak1600-x86_64	fixed	shared	20	throughput	2	147239	30424623	151536937	740907005	2764892531	2764892531
keccak1600-x86_64	keccak1600-x86_64	fixed	shared	20	latency	2	145896	30374894	151293248	734732620	2795270844	2795270844
keccak1600-x86_64	keccak1600-x86_64	runtime	stack	20	throughput	2	143176	30200964	150385008	732918304	2825475557	2825475557
keccak1600-x86_64	keccak1600-x86_64	runtime	stack	20	latency	2	143070	30443563	151674581	732947972	2855923730	2855923730
keccak1600-x86_64	keccak1600-x86_64	fixed	stack	20	throughput	2	145015	30456123	151705558	736966594	2886384063	2886384063
keccak1600-x86_64	keccak1600-x86_64	fixed	stack	20	latency	2	143497	30294504	150970102	729826106	2916681966	2916681966
keccak1600-x86_64	keccak1600-x86_64	runtime	shared	20	throughput	3	142963	29636185	147481618	722821292	2946321449	2946321449
keccak1600-x86_64	keccak1600-x86_64	runtime	shared	20	latency	3	145896	30591253	151634734	738234123	2976909782	2976909782
keccak1600-x86_64	keccak1600-x86_64	fixed	shared	20	throughput	3	144687	30968392	153819322	728065353	3007881955	3007881955
keccak1600-x86_64	keccak1600-x86_64	fixed	shared	20	latency	3	146007	30592073	151973211	735291618	3038477547	3038477547
keccak1600-x86_64	keccak1600-x86_64	runtime	stack	20	throughput	3	142974	30214844	150182725	731884272	3068696340	3068696340
keccak1600-x86_64	keccak1600-x86_64	runtime	stack	20	latency	3	141802	30144034	150128021	726452012	3098844184	3098844184
keccak1600-x86_64	keccak1600-x86_64	fixed	stack	20	throughput	3	143176	30183484	150249951	727620794	3129032017	3129032017
keccak1600-x86_64	keccak1600-x86_64	fixed	stack	20	latency	3	143497	30341204	151165249	729826108	3159377720	3159377720
keccak1600-x86_64	keccak1600-x86_64	runtime	asm	20	throughput	3	134359	28018438	139170484	682140998	3187400075	3187400075
keccak1600-x86_64	keccak1600-x86_64	runtime	asm	20	latency	3	144144	30288084	150557912	732396034	3217691618	3217691618
keccak1600-x86_64	keccak1600-x86_64	fixed	asm	20	throughput	3	145454	30310363	150650401	732943071	3248005421	3248005421
keccak1600-x86_64	keccak1600-x86_64	fixed	asm	20	latency	3	94025	19883947	98786185	474168420	3267892943	3267892943
keccak1600-x86_64	keccak1600-x86_64	runtime	stack	20	throughput	4	142644	30089054	149394190	730194995	3297985556	3297985556
keccak1600-x86_64	keccak1600-x86_64	runtime	stack	20	latency	4	143070	30546404	151579303	732947972	3328535559	3328535559
keccak1600-x86_64	keccak1600-x86_64	fixed	stack	20	throughput	4	143070	30088684	149572500	727082106	3358627742	3358627742
keccak1600-x86_64	keccak1600-x86_64	fixed	stack	20	latency	4	142750	30199163	150350007	726026861	3388830465	3388830465
keccak1600-x86_64	keccak1600-x86_64	runtime	asm	20	throughput	4	145015	30148824	150234848	736241523	3418982669	3418982669
keccak1600-x86_64	keccak1600-x86_64	runtime	asm	20	latency	4	140248	29913795	148782194	712600449	3448900102	3448900102
keccak1600-x86_64	keccak1600-x86_64	fixed	asm	20	throughput	4	146453	30533783	151853895	737977023	3479438655	3479438655
keccak1600-x86_64	keccak1600-x86_64	fixed	asm	20	latency	4	145124	30453983	151342140	731860697	3509897818	3509897818
keccak1600-x86_64	keccak1600-x86_64	runtime	shared	20	throughput	4	146676	30687033	152400122	741594220	3540589920	3540589920
keccak1600-x86_64	keccak1600-x86_64	runtime	shared	20	latency	4	146007	30730612	152492137	738795784	3571328213	3571328213
keccak1600-x86_64	keccak1600-x86_64	fixed	shared	20	throughput	4	147126	30663253	152168814	740338397	3601996946	3601996946
keccak1600-x86_64	keccak1600-x86_64	fixed	shared	20	latency	4	146118	30542603	151786356	735850615	3632543289	3632543289
keccak1600-x86_64	keccak1600-x86_64	control	empty	20	throughput	0	2000000	2813344	14008569	32000317	3635360007	3635360007
keccak1600-x86_64	keccak1600-x86_64	control	empty	20	latency	0	2000000	3629952	18165031	40000319	3638993084	3638993084
keccak1600-x86_64	keccak1600-x86_64	runtime	shared	32	throughput	0	147239	30653843	152258957	744146264	3669651216	3669651216
keccak1600-x86_64	keccak1600-x86_64	runtime	shared	32	latency	0	144905	30515253	151354063	732929857	3700171549	3700171549
keccak1600-x86_64	keccak1600-x86_64	fixed	shared	32	throughput	0	146901	30698552	152419745	739059288	3730874442	3730874442
keccak1600-x86_64	keccak1600-x86_64	fixed	shared	32	latency	0	145896	30486514	151360790	734586721	3761365665	3761365665
keccak1600-x86_64	keccak1600-x86_64	runtime	stack	32	throughput	0	144360	30643632	151999431	738690476	3792013818	3792013818
keccak1600-x86_64	keccak1600-x86_64	runtime	stack	32	latency	0	141802	30257574	150306825	726168407	3822275671	3822275671
keccak1600-x86_64	keccak1600-x86_64	fixed	stack	32	throughput	0	144796	30482273	151467609	735708840	3852762023	3852762023
keccak1600-x86_64	keccak1600-x86_64	fixed	stack	32	latency	0	85829	18108580	89984285	436440814	3870874737	3870874737
keccak1600-x86_64	keccak1600-x86_64	runtime	asm	32	throughput	0	144905	30318924	150453686	735393234	3901197020	3901197020
keccak1600-x86_64	keccak1600-x86_64	runtime	asm	32	latency	0	142963	30157994	150075379	726109444	3931358333	3931358333
keccak1600-x86_64	keccak1600-x86_64	fixed	asm	32	throughput	0	146230	30488313	151253967	736707110	3961844576	3961844576
keccak1600-x86_64	keccak1600-x86_64	fixed	asm	32	latency	0	144578	30376333	150845396	728962640	3992224689	3992224689
keccak1600-x86_64	keccak1600-x86_64	runtime	stack	32	throughput	1	144360	30531143	151606389	738690485	4022759572	4022759572
keccak1600-x86_64	keccak1600-x86_64	runtime	stack	32	latency	1	141176	30397724	150855304	722962657	4053161055	4053161055
keccak1600-x86_64	keccak1600-x86_64	fixed	stack	32	throughput	1	143928	30412273	150997920	731298533	4083576858	4083576858
keccak1600-x86_64	keccak1600-x86_64	fixed	stack	32	latency	1	143820	30443283	151349022	731325061	4114023791	4114023791
keccak1600-x86_64	keccak1600-x86_64	runtime	asm	32	throughput	1	144796	30589453	151808267	734840062	4144617744	4144617744
keccak1600-x86_64	keccak1600-x86_64	runtime	asm	32	latency	1	144469	30824573	152918833	733758414	4175446886	4175446886
keccak1600-x86_64	keccak1600-x86_64	fixed	asm	32	throughput	1	146230	30920372	153460564	736707104	4206371599	4206371599
keccak1600-x86_64	keccak1600-x86_64	fixed	asm	32	latency	1	144036	30490543	151296302	726229874	4236867532	4236867532
keccak1600-x86_64	keccak1600-x86_64	runtime	shared	32	throughput	1	146230	30454893	151146176	739046782	4267326814	4267326814
keccak1600-x86_64	keccak1600-x86_64	runtime	shared	32	latency	1	146453	30710593	152372814	740759634	4298040937	4298040937
keccak1600-x86_64	keccak1600-x86_64	fixed	shared	32	throughput	1	147919	30688032	152303118	744180850	4328732350	4328732350
keccak1600-x86_64	keccak1600-x86_64	fixed	shared	32	latency	1	145454	30426994	150965015	732361251	4359162703	4359162703
keccak1600-x86_64	keccak1600-x86_64	runtime	asm	32	throughput	2	145234	30347113	150588295	737062911	4389513216	4389513216
keccak1600-x86_64	keccak1600-x86_64	runtime	asm	32	latency	2	143605	30372284	150754961	729370161	4419883919	4419883919
keccak1600-x86_64	keccak1600-x86_64	fixed	asm	32	throughput	2	144905	30256383	150236585	730031754	4450143662	4450143662
keccak1600-x86_64	keccak1600-x86_64	fixed	asm	32	latency	2	145454	30645573	152155268	733379429	4480793474	4480793474
keccak1600-x86_64	keccak1600-x86_64	runtime	shared	32	throughput	2	146341	30561313	151783147	739607776	4511359327	4511359327
keccak1600-x86_64	keccak1600-x86_64	runtime	shared	32	latency	2	145564	30518313	151263760	736263074	4541881130	4541881130
keccak1600-x86_64	keccak1600-x86_64	fixed	shared	32	throughput	2	146676	30430753	150819483	737927318	4572315353	4572315353
keccak1600-x86_64	keccak1600-x86_64	fixed	shared	32	latency	2	145675	30631443	151968000	733473993	4602950596	4602950596
keccak1600-x86_64	keccak1600-x86_64	runtime	stack	32	throughput	2	143712	30311894	150631501	735374670	4633266049	4633266049
keccak1600-x86_64	keccak1600-x86_64	runtime	stack	32	latency	2	141176	30098644	149924878	722962662	4663368422	4663368422
keccak1600-x86_64	keccak1600-x86_64	fixed	stack	32	throughput	2	144687	30403093	151247867	735155015	4693775075	4693775075
keccak1600-x86_64	keccak1600-x86_64	fixed	stack	32	latency	2	143497	30352493	150955645	729682615	4724131308	4724131308
keccak1600-x86_64	keccak1600-x86_64	runtime	shared	32	throughput	3	146453	30393784	151127443	740173823	4754529511	4754529511
keccak1600-x86_64	keccak1600-x86_64	runtime	shared	32	latency	3	129817	27179260	135101328	656614741	4781712017	4781712017
keccak1600-x86_64	keccak1600-x86_64	fixed	shared	32	throughput	3	146901	30811353	153215145	739059291	4812527279	4812527279
keccak1600-x86_64	keccak1600-x86_64	fixed	shared	32	latency	3	143712	30420223	151151581	723590284	4842951932	4842951932
keccak1600-x86_64	keccak1600-x86_64	runtime	stack	32	throughput	3	144687	30758692	153074747	740363742	4873720345	4873720345
keccak1600-x86_64	keccak1600-x86_64	runtime	stack	32	latency	3	142963	30572793	151990184	732113882	4904299567	4904299567
keccak1600-x86_64	keccak1600-x86_64	fixed	stack	32	throughput	3	143928	30378344	150545065	731298532	4934686370	4934686370
keccak1600-x86_64	keccak1600-x86_64	fixed	stack	32	latency	3	142644	30592063	150895293	725345111	4965276703	4965276703
keccak1600-x86_64	keccak1600-x86_64	runtime	asm	32	throughput	3	144036	30329643	150040563	730983063	4995610736	4995610736
keccak1600-x86_64	keccak1600-x86_64	runtime	asm	32	latency	3	133611	28352978	140500771	678610633	5023967851	5023967851
keccak1600-x86_64	keccak1600-x86_64	fixed	asm	32	throughput	3	145454	30511793	151246213	732797615	5054485044	5054485044
keccak1600-x86_64	keccak1600-x86_64	fixed	asm	32	latency	3	144687	30536553	151191311	729512219	5085028517	5085028517
keccak1600-x86_64	keccak1600-x86_64	runtime	stack	32	throughput	4	142750	30351613	150082290	730452109	5115388490	5115388490
keccak1600-x86_64	keccak1600-x86_64	runtime	stack	32	latency	4	141592	30530093	151142368	725093002	5145925432	5145925432
keccak1600-x86_64	keccak1600-x86_64	fixed	stack	32	throughput	4	143712	30249844	149916956	730201039	5176180905	5176180905
keccak1600-x86_64	keccak1600-x86_64	fixed	stack	32	latency	4	142011	30412033	150805077	722126308	5206597288	5206597288
keccak1600-x86_64	keccak1600-x86_64	runtime	asm	32	throughput	4	127405	26661312	132212123	646580727	5233262685	5233262685
keccak1600-x86_64	keccak1600-x86_64	runtime	asm	32	latency	4	143283	30559803	151331144	727734723	5263825977	5263825977
keccak1600-x86_64	keccak1600-x86_64	fixed	asm	32	throughput	4	145785	30362973	150415871	734465195	5294192760	5294192760
keccak1600-x86_64	keccak1600-x86_64	fixed	asm	32	latency	4	143712	30383453	150295574	724596276	5324579943	5324579943
keccak1600-x86_64	keccak1600-x86_64	runtime	shared	32	throughput	4	145124	30402514	150395923	733457056	5354986876	5354986876
keccak1600-x86_64	keccak1600-x86_64	runtime	shared	32	latency	4	145344	30476143	151038785	735150317	5385467379	5385467379
keccak1600-x86_64	keccak1600-x86_64	fixed	shared	32	throughput	4	142222	29566965	146535749	715519243	5415037943	5415037943
keccak1600-x86_64	keccak1600-x86_64	fixed	shared	32	latency	4	144905	30623073	151617190	729597039	5445667926	5445667926
keccak1600-x86_64	keccak1600-x86_64	control	empty	32	throughput	0	2000000	2660274	13180975	32000318	5448334573	5448334573
keccak1600-x86_64	keccak1600-x86_64	control	empty	32	latency	0	2000000	3680432	18248346	40000320	5452018050	5452018050
keccak1600-x86_64	keccak1600-x86_64	runtime	shared	64	throughput	0	145344	30518063	150750866	734568936	5482529183	5482529183
keccak1600-x86_64	keccak1600-x86_64	runtime	shared	64	latency	0	143928	30503233	150535211	727988187	5513036846	5513036846
keccak1600-x86_64	keccak1600-x86_64	fixed	shared	64	throughput	0	146788	30464233	150773824	738784357	5543505588	5543505588
keccak1600-x86_64	keccak1600-x86_64	fixed	shared	64	latency	0	146007	30351104	150336743	735437630	5573860921	5573860921
keccak1600-x86_64	keccak1600-x86_64	runtime	stack	64	throughput	0	142644	30178943	149398502	729909707	5604043975	5604043975
keccak1600-x86_64	keccak1600-x86_64	runtime	stack	64	latency	0	109401	23862538	118208525	560242874	5627911373	5627911373
keccak1600-x86_64	keccak1600-x86_64	fixed	stack	64	throughput	0	144252	30606053	151330889	733233280	5658524516	5658524516
keccak1600-x86_64	keccak1600-x86_64	fixed	stack	64	latency	0	141488	30331133	150146288	719749821	5688862969	5688862969
keccak1600-x86_64	keccak1600-x86_64	runtime	asm	64	throughput	0	145564	31010192	153076470	738737653	5719881071	5719881071
keccak1600-x86_64	keccak1600-x86_64	runtime	asm	64	latency	0	135977	29867725	147248520	690627546	5749756475	5749756475
keccak1600-x86_64	keccak1600-x86_64	fixed	asm	64	throughput	0	146118	30536043	150562162	736435076	5780299908	5780299908
keccak1600-x86_64	keccak1600-x86_64	fixed	asm	64	latency	0	144252	30360583	149724665	727607450	5810667081	5810667081
keccak1600-x86_64	keccak1600-x86_64	runtime	stack	64	throughput	1	140659	30147494	148762829	719752459	5840820494	5840820494
keccak1600-x86_64	keccak1600-x86_64	runtime	stack	64	latency	1	140762	30604833	151285810	720842561	5871432036	5871432036
keccak1600-x86_64	keccak1600-x86_64	fixed	stack	64	throughput	1	143283	30434553	150525615	728307847	5901872669	5901872669
keccak1600-x86_64	keccak1600-x86_64	fixed	stack	64	latency	1	142222	30453733	150752286	723483674	5932332032	5932332032
keccak1600-x86_64	keccak1600-x86_64	runtime	asm	64	throughput	1	143176	30357224	149790669	726618554	5962694325	5962694325
keccak1600-x86_64	keccak1600-x86_64	runtime	asm	64	latency	1	112018	24552356	121327035	568939776	5987244713	5987244713
keccak1600-x86_64	keccak1600-x86_64	fixed	asm	64	throughput	1	146676	30507453	151031961	739247398	6017757396	6017757396
keccak1600-x86_64	keccak1600-x86_64	fixed	asm	64	latency	1	143176	30200224	149457164	722180103	6047963319	6047963319
keccak1600-x86_64	keccak1600-x86_64	runtime	shared	64	throughput	1	100261	21028563	104173160	506719442	6068996471	6068996471
keccak1600-x86_64	keccak1600-x86_64	runtime	shared	64	latency	1	145015	30544004	151403779	733486228	6099548993	6099548993
keccak1600-x86_64	keccak1600-x86_64	fixed	shared	64	throughput	1	146788	30519962	151300112	738784365	6130073706	6130073706
keccak1600-x86_64	keccak1600-x86_64	fixed	shared	64	latency	1	146564	30524334	151344435	738243235	6160602029	6160602029
keccak1600-x86_64	keccak1600-x86_64	runtime	asm	64	throughput	2	144578	30396133	150628691	733733714	6190988042	6190988042
keccak1600-x86_64	keccak1600-x86_64	runtime	asm	64	latency	2	142857	30953382	153152067	725571068	6221949294	6221949294
keccak1600-x86_64	keccak1600-x86_64	fixed	asm	64	throughput	2	100946	21123384	104111663	508768189	6243080206	6243080206
keccak1600-x86_64	keccak1600-x86_64	fixed	asm	64	latency	2	118452	24876186	122703369	597472246	6267961223	6267961223
keccak1600-x86_64	keccak1600-x86_64	runtime	shared	64	throughput	2	143712	30135534	148654043	726320815	6298102877	6298102877
keccak1600-x86_64	keccak1600-x86_64	runtime	shared	64	latency	2	144036	30429153	150021259	728534455	6328529329	6328529329
keccak1600-x86_64	keccak1600-x86_64	fixed	shared	64	throughput	2	147239	30460593	150827989	741054250	6358994612	6358994612
keccak1600-x86_64	keccak1600-x86_64	fixed	shared	64	latency	2	146564	30655223	151497159	738243236	6389655215	6389655215
keccak1600-x86_64	keccak1600-x86_64	runtime	stack	64	throughput	2	141802	30229904	149073668	725601198	6419890078	6419890078
keccak1600-x86_64	keccak1600-x86_64	runtime	stack	64	latency	2	139839	32787088	161628062	716115887	6452685169	6452685169
keccak1600-x86_64	keccak1600-x86_64	fixed	stack	64	throughput	2	143070	30443034	149819427	727225169	6483135432	6483135432
keccak1600-x86_64	keccak1600-x86_64	fixed	stack	64	latency	2	110790	23813808	117388501	563589087	6506954231	6506954231
keccak1600-x86_64	keccak1600-x86_64	runtime	shared	64	throughput	3	143176	30771893	151382239	723611869	6537730913	6537730913
keccak1600-x86_64	keccak1600-x86_64	runtime	shared	64	latency	3	143820	30508843	150076703	727441917	6568245076	6568245076
keccak1600-x86_64	keccak1600-x86_64	fixed	shared	64	throughput	3	144360	30112244	147849419	726564237	6598363789	6598363789
keccak1600-x86_64	keccak1600-x86_64	fixed	shared	64	latency	3	144687	30432383	149706635	728788781	6628802842	6628802842
keccak1600-x86_64	keccak1600-x86_64	runtime	stack	64	throughput	3	142222	30741043	151295677	727750335	6659549975	6659549975
keccak1600-x86_64	keccak1600-x86_64	runtime	stack	64	latency	3	77481	17317052	85415245	396780541	6676872809	6676872809
keccak1600-x86_64	keccak1600-x86_64	fixed	stack	64	throughput	3	143070	30306283	149498515	727225174	6707183942	6707183942
keccak1600-x86_64	keccak1600-x86_64	fixed	stack	64	latency	3	141384	30444203	150178048	719220772	6737634125	6737634125
keccak1600-x86_64	keccak1600-x86_64	runtime	asm	64	throughput	3	143712	30325204	149312510	729338767	6767964798	6767964798
keccak1600-x86_64	keccak1600-x86_64	runtime	asm	64	latency	3	141802	30299413	149352365	720212724	6798267591	6798267591
keccak1600-x86_64	keccak1600-x86_64	fixed	asm	64	throughput	3	146230	30331074	149646287	736999562	6828602524	6828602524
keccak1600-x86_64	keccak1600-x86_64	fixed	asm	64	latency	3	144360	30379393	149862492	728152207	6858986377	6858986377
keccak1600-x86_64	keccak1600-x86_64	runtime	stack	64	throughput	4	142750	30568393	150655208	730452109	6889560600	6889560600
keccak1600-x86_64	keccak1600-x86_64	runtime	stack	64	latency	4	139839	30977522	152462199	716115878	6920545502	6920545502
keccak1600-x86_64	keccak1600-x86_64	fixed	stack	64	throughput	4	142750	30873403	152087981	725598613	6951420065	6951420065
keccak1600-x86_64	keccak1600-x86_64	fixed	stack	64	latency	4	142433	30941052	152779165	724557035	6982369137	6982369137
keccak1600-x86_64	keccak1600-x86_64	runtime	asm	64	throughput	4	144036	31120942	154015586	730983066	7013499810	7013499810
keccak1600-x86_64	keccak1600-x86_64	runtime	asm	64	latency	4	80876	17505402	86357791	410769550	7031016224	7031016224
keccak1600-x86_64	keccak1600-x86_64	fixed	asm	64	throughput	4	146118	30608482	150740710	736435084	7061633907	7061633907
keccak1600-x86_64	keccak1600-x86_64	fixed	asm	64	latency	4	143928	30478574	149679987	725973196	7092118300	7092118300
keccak1600-x86_64	keccak1600-x86_64	runtime	shared	64	throughput	4	143712	30492253	149532521	726320812	7122616942	7122616942
keccak1600-x86_64	keccak1600-x86_64	runtime	shared	64	latency	4	143283	31481051	154835704	724725783	7154105744	7154105744
keccak1600-x86_64	keccak1600-x86_64	fixed	shared	64	throughput	4	143820	30878252	151586042	723846422	7184993397	7184993397
keccak1600-x86_64	keccak1600-x86_64	fixed	shared	64	latency	4	145344	31085862	153364969	732098094	7216088029	7216088029
keccak1600-x86_64	keccak1600-x86_64	control	empty	64	throughput	0	2000000	2838593	14052331	32000319	7218932607	7218932607
keccak1600-x86_64	keccak1600-x86_64	control	empty	64	latency	0	2000000	3777142	18809544	40000321	7222713483	7222713483
keccak1600-x86_64	keccak1600-x86_64	runtime	shared	135	throughput	0	145344	31332291	155145906	736022371	7254050835	7254050835
keccak1600-x86_64	keccak1600-x86_64	runtime	shared	135	latency	0	143390	30962282	153265964	726700866	7285020978	7285020978
keccak1600-x86_64	keccak1600-x86_64	fixed	shared	135	throughput	0	146676	30931292	153311303	740127442	7315960440	7315960440
keccak1600-x86_64	keccak1600-x86_64	fixed	shared	135	latency	0	143390	30558903	151441585	724119848	7346528143	7346528143
keccak1600-x86_64	keccak1600-x86_64	runtime	stack	135	throughput	0	142327	30806283	152687040	729710878	7377344476	7377344476
keccak1600-x86_64	keccak1600-x86_64	runtime	stack	135	latency	0	138628	30432353	150871160	711300619	7407784509	7407784509
keccak1600-x86_64	keccak1600-x86_64	fixed	stack	135	throughput	0	143497	30621923	151817391	731978550	7438415611	7438415611
keccak1600-x86_64	keccak1600-x86_64	fixed	stack	135	latency	0	140659	30432793	150375149	718064550	7468847054	7468847054
keccak1600-x86_64	keccak1600-x86_64	runtime	asm	135	throughput	0	142857	30414843	150035947	726428194	7499267757	7499267757
keccak1600-x86_64	keccak1600-x86_64	runtime	asm	135	latency	0	138528	30258314	149897733	704969338	7529531990	7529531990
keccak1600-x86_64	keccak1600-x86_64	fixed	asm	135	throughput	0	146230	31576761	156134267	738900532	7561117132	7561117132
keccak1600-x86_64	keccak1600-x86_64	fixed	asm	135	latency	0	141176	30911582	153144629	713927380	7592037524	7592037524
keccak1600-x86_64	keccak1600-x86_64	runtime	stack	135	throughput	1	142433	31720841	156594945	730254335	7623768146	7623768146
keccak1600-x86_64	keccak1600-x86_64	runtime	stack	135	latency	1	138228	31261991	154137481	709248219	7655039378	7655039378
keccak1600-x86_64	keccak1600-x86_64	fixed	stack	135	throughput	1	136460	29570235	145803415	696082809	7684618082	7684618082
keccak1600-x86_64	keccak1600-x86_64	fixed	stack	135	latency	1	141072	30863663	152482661	720172913	7715490525	7715490525
keccak1600-x86_64	keccak1600-x86_64	runtime	asm	135	throughput	1	144144	30661302	151588149	732972590	7746160647	7746160647
keccak1600-x86_64	keccak1600-x86_64	runtime	asm	135	latency	1	124513	28284768	139463780	633647004	7774455522	7774455522
keccak1600-x86_64	keccak1600-x86_64	fixed	asm	135	throughput	1	145234	31077712	153146828	733867758	7805541324	7805541324
keccak1600-x86_64	keccak1600-x86_64	fixed	asm	135	latency	1	140350	30818992	151926681	709750296	7836369607	7836369607
keccak1600-x86_64	keccak1600-x86_64	runtime	shared	135	throughput	1	144036	30787483	151669107	729398649	7867165709	7867165709
keccak1600-x86_64	keccak1600-x86_64	runtime	shared	135	latency	1	142327	30677562	151321640	721313581	7897851302	7897851302
keccak1600-x86_64	keccak1600-x86_64	fixed	shared	135	throughput	1	139534	29499406	145784853	704088907	7927348016	7927348016
keccak1600-x86_64	keccak1600-x86_64	fixed	shared	135	latency	1	143283	30699023	152119741	723579498	7958052599	7958052599
keccak1600-x86_64	keccak1600-x86_64	runtime	asm	135	throughput	2	143283	30515083	151156091	728594406	7988567131	7988567131
keccak1600-x86_64	keccak1600-x86_64	runtime	asm	135	latency	2	140043	30315554	150325487	712679181	8018887514	8018887514
keccak1600-x86_64	keccak1600-x86_64	fixed	asm	135	throughput	2	146007	30853472	152949601	737773714	8049745697	8049745697
keccak1600-x86_64	keccak1600-x86_64	fixed	asm	135	latency	2	140043	30416303	150609519	708197797	8080168320	8080168320
keccak1600-x86_64	keccak1600-x86_64	runtime	shared	135	throughput	2	143605	30602843	150927420	727216073	8110778203	8110778203
keccak1600-x86_64	keccak1600-x86_64	runtime	shared	135	latency	2	142433	30789633	151807383	721850791	8141574155	8141574155
keccak1600-x86_64	keccak1600-x86_64	fixed	shared	135	throughput	2	145575	30680953	151160376	734571799	8172260888	8172260888
keccak1600-x86_64	keccak1600-x86_64	fixed	shared	135	latency	2	89845	19182338	94381435	453717582	8191447241	8191447241
keccak1600-x86_64	keccak1600-x86_64	runtime	stack	135	throughput	2	138528	30057334	148019572	710233406	8221508374	8221508374
keccak1600-x86_64	keccak1600-x86_64	runtime	stack	135	latency	2	139231	30389073	149748585	714394606	8251901977	8251901977
keccak1600-x86_64	keccak1600-x86_64	fixed	stack	135	throughput	2	142857	30328014	149180581	728713910	8282233670	8282233670
keccak1600-x86_64	keccak1600-x86_64	fixed	stack	135	latency	2	139737	30161794	148727384	713357740	8312398923	8312398923
keccak1600-x86_64	keccak1600-x86_64	runtime	shared	135	throughput	3	143605	30757482	151496805	727216070	8343160536	8343160536
keccak1600-x86_64	keccak1600-x86_64	runtime	shared	135	latency	3	142644	30444943	150062134	722920140	8373610379	8373610379
keccak1600-x86_64	keccak1600-x86_64	fixed	shared	135	throughput	3	145896	30826053	151723064	736191566	8404435391	8404435391
keccak1600-x86_64	keccak1600-x86_64	fixed	shared	135	latency	3	142974	30553984	150488745	722019049	8434993474	8434993474
keccak1600-x86_64	keccak1600-x86_64	runtime	stack	135	throughput	3	140969	30416023	150370548	722748416	8465414037	8465414037
keccak1600-x86_64	keccak1600-x86_64	runtime	stack	135	latency	3	138728	30133564	149346936	711813716	8495552090	8495552090
keccak1600-x86_64	keccak1600-x86_64	fixed	stack	135	throughput	3	143712	30493673	151119533	733075263	8526050213	8526050213
keccak1600-x86_64	keccak1600-x86_64	fixed	stack	135	latency	3	140248	30162934	149666152	715966395	8556210376	8556210376
keccak1600-x86_64	keccak1600-x86_64	runtime	asm	135	throughput	3	139737	29637425	147198829	710562998	8585851310	8585851310
keccak1600-x86_64	keccak1600-x86_64	runtime	asm	135	latency	3	140145	30456304	151097371	713198259	8616311833	8616311833
keccak1600-x86_64	keccak1600-x86_64	fixed	asm	135	throughput	3	145344	31076301	153642206	734423579	8647396345	8647396345
keccak1600-x86_64	keccak1600-x86_64	fixed	asm	135	latency	3	141176	30571253	150938782	713927384	8677976478	8677976478
keccak1600-x86_64	keccak1600-x86_64	runtime	stack	135	throughput	4	140762	33172918	163460729	721687120	8711158128	8711158128
keccak1600-x86_64	keccak1600-x86_64	runtime	stack	135	latency	4	139636	35597922	174859524	716472665	8746765396	8746765396
keccak1600-x86_64	keccak1600-x86_64	fixed	stack	135	throughput	4	142857	30559403	150551146	728713913	8777333539	8777333539
keccak1600-x86_64	keccak1600-x86_64	fixed	stack	135	latency	4	140762	31991440	157735637	718590363	8809333411	8809333411
keccak1600-x86_64	keccak1600-x86_64	runtime	asm	135	throughput	4	141488	30011484	147831821	719466834	8839352094	8839352094
keccak1600-x86_64	keccak1600-x86_64	runtime	asm	135	latency	4	137931	30246634	148661246	701931212	8869604907	8869604907
keccak1600-x86_64	keccak1600-x86_64	fixed	asm	135	throughput	4	122919	25828513	127392423	621110044	8895439074	8895439074
keccak1600-x86_64	keccak1600-x86_64	fixed	asm	135	latency	4	141176	30588653	150877757	713927383	8926026257	8926026257
keccak1600-x86_64	keccak1600-x86_64	runtime	shared	135	throughput	4	144252	30526423	150508929	730492470	8956558550	8956558550
keccak1600-x86_64	keccak1600-x86_64	runtime	shared	135	latency	4	141176	30172894	148723941	715480315	8986730723	8986730723
keccak1600-x86_64	keccak1600-x86_64	fixed	shared	135	throughput	4	145124	30332894	149661160	732296060	9017067366	9017067366
keccak1600-x86_64	keccak1600-x86_64	fixed	shared	135	latency	4	141802	30421083	150437228	716100454	9047495279	9047495279
keccak1600-x86_64	keccak1600-x86_64	control	empty	135	throughput	0	2000000	2828914	13966505	32000318	9050329216	9050329216
keccak1600-x86_64	keccak1600-x86_64	control	empty	135	latency	0	2000000	3642882	18085201	40000321	9053975363	9053975363
keccak1600-x86_64	keccak1600-x86_64	runtime	shared	136	throughput	0	74882	32091300	158653110	748296174	9086072914	9086072914
keccak1600-x86_64	keccak1600-x86_64	runtime	shared	136	latency	0	68376	29694055	147028554	683555227	9115776768	9115776768
keccak1600-x86_64	keccak1600-x86_64	fixed	shared	136	throughput	0	74563	31987380	158461358	744288217	9147773729	9147773729
keccak1600-x86_64	keccak1600-x86_64	fixed	shared	136	latency	0	73789	32067380	158775960	736857307	9179852001	9179852001
keccak1600-x86_64	keccak1600-x86_64	runtime	stack	136	throughput	0	74621	31862390	157838251	746583458	9211723812	9211723812
keccak1600-x86_64	keccak1600-x86_64	runtime	stack	136	latency	0	74505	31707601	157113766	745720901	9243441504	9243441504
keccak1600-x86_64	keccak1600-x86_64	fixed	stack	136	throughput	0	59906	24629036	121685465	596843818	9268080092	9268080092
keccak1600-x86_64	keccak1600-x86_64	fixed	stack	136	latency	0	74679	32093519	158485947	744325944	9300182303	9300182303
keccak1600-x86_64	keccak1600-x86_64	runtime	asm	136	throughput	0	74102	30951992	152649193	741390854	9331142196	9331142196
keccak1600-x86_64	keccak1600-x86_64	runtime	asm	136	latency	0	73647	30993042	152930494	737133169	9362145508	9362145508
keccak1600-x86_64	keccak1600-x86_64	fixed	asm	136	throughput	0	74592	30994952	152946193	743235035	9393150141	9393150141
keccak1600-x86_64	keccak1600-x86_64	fixed	asm	136	latency	0	74447	30889332	152297434	742088045	9424050823	9424050823
keccak1600-x86_64	keccak1600-x86_64	runtime	stack	136	throughput	1	74534	30849673	152041749	745713024	9454898856	9454898856
keccak1600-x86_64	keccak1600-x86_64	runtime	stack	136	latency	1	73846	30819573	152124662	739124969	9485725058	9485725058
keccak1600-x86_64	keccak1600-x86_64	fixed	stack	136	throughput	1	74418	30618573	151132765	741426883	9516350241	9516350241
keccak1600-x86_64	keccak1600-x86_64	fixed	stack	136	latency	1	74652	30796693	152186885	744056832	9547153003	9547153003
keccak1600-x86_64	keccak1600-x86_64	runtime	asm	136	throughput	1	74159	30376033	150144228	741961150	9577535076	9577535076
keccak1600-x86_64	keccak1600-x86_64	runtime	asm	136	latency	1	74159	30560953	150988122	742257786	9608101809	9608101809
keccak1600-x86_64	keccak1600-x86_64	fixed	asm	136	throughput	1	74970	30902412	152786844	747001436	9639011422	9639011422
keccak1600-x86_64	keccak1600-x86_64	fixed	asm	136	latency	1	74045	30812732	152384165	738080907	9669832394	9669832394
keccak1600-x86_64	keccak1600-x86_64	runtime	shared	136	throughput	1	74102	30552543	150797702	740501637	9700391307	9700391307
keccak1600-x86_64	keccak1600-x86_64	runtime	shared	136	latency	1	74592	30796303	152040158	745696578	9731192510	9731192510
keccak1600-x86_64	keccak1600-x86_64	fixed	shared	136	throughput	1	74418	30389493	150541902	742840826	9761587092	9761587092
keccak1600-x86_64	keccak1600-x86_64	fixed	shared	136	latency	1	74332	30455353	150993321	742279703	9792047475	9792047475
keccak1600-x86_64	keccak1600-x86_64	runtime	asm	136	throughput	2	74476	30407403	150731887	745132735	9822459828	9822459828
keccak1600-x86_64	keccak1600-x86_64	runtime	asm	136	latency	2	74476	30318254	150336494	745430636	9852783491	9852783491
keccak1600-x86_64	keccak1600-x86_64	fixed	asm	136	throughput	2	75087	30461613	150949749	748167222	9883248774	9883248774
keccak1600-x86_64	keccak1600-x86_64	fixed	asm	136	latency	2	74621	30491723	151101164	743822478	9913745247	9913745247
keccak1600-x86_64	keccak1600-x86_64	runtime	shared	136	throughput	2	74159	30482973	151025569	741071240	9944225810	9944225810
keccak1600-x86_64	keccak1600-x86_64	runtime	shared	136	latency	2	74102	30497773	151066026	740798048	9974728123	9974728123
keccak1600-x86_64	keccak1600-x86_64	fixed	shared	136	throughput	2	74679	30556873	151299047	745446131	10005290755	10005290755
keccak1600-x86_64	keccak1600-x86_64	fixed	shared	136	latency	2	74824	30658142	151997807	747192817	10035953878	10035953878
keccak1600-x86_64	keccak1600-x86_64	runtime	stack	136	throughput	2	74912	30547834	151358317	749494911	10066507961	10066507961
keccak1600-x86_64	keccak1600-x86_64	runtime	stack	136	latency	2	73905	30430184	150519756	739715501	10096942914	10096942914
keccak1600-x86_64	keccak1600-x86_64	fixed	stack	136	throughput	2	74882	30406813	150737832	746049718	10127353957	10127353957
keccak1600-x86_64	keccak1600-x86_64	fixed	stack	136	latency	2	74650	30363273	150389440	744036902	10157720940	10157720940
keccak1600-x86_64	keccak1600-x86_64	runtime	shared	136	throughput	3	74045	30157754	149476139	739932039	10187882023	10187882023
keccak1600-x86_64	keccak1600-x86_64	runtime	shared	136	latency	3	74131	30401943	150747097	741087960	10218287626	10218287626
keccak1600-x86_64	keccak1600-x86_64	fixed	shared	136	throughput	3	74650	30483353	151120267	745156653	10248776039	10248776039
keccak1600-x86_64	keccak1600-x86_64	fixed	shared	136	latency	3	74505	30490753	151177871	744007285	10279271821	10279271821
keccak1600-x86_64	keccak1600-x86_64	runtime	stack	136	throughput	3	74016	30271644	149929120	740530433	10309548294	10309548294
keccak1600-x86_64	keccak1600-x86_64	runtime	stack	136	latency	3	74074	30360953	150497857	741407010	10339914757	10339914757
keccak1600-x86_64	keccak1600-x86_64	fixed	stack	136	throughput	3	75000	30530613	151336799	747225350	10370450180	10370450180
keccak1600-x86_64	keccak1600-x86_64	fixed	stack	136	latency	3	74650	30491503	151145455	744036901	10400946123	10400946123
keccak1600-x86_64	keccak1600-x86_64	runtime	asm	136	throughput	3	74563	30442333	150848334	746003161	10431392616	10431392616
keccak1600-x86_64	keccak1600-x86_64	runtime	asm	136	latency	3	74418	30582273	151599606	744850113	10461979759	10461979759
keccak1600-x86_64	keccak1600-x86_64	fixed	asm	136	throughput	3	74447	30281763	150176142	741790262	10492266302	10492266302
keccak1600-x86_64	keccak1600-x86_64	fixed	asm	136	latency	3	74621	30561893	151527368	743822475	10522833554	10522833554
keccak1600-x86_64	keccak1600-x86_64	runtime	stack	136	throughput	4	74476	30860703	152759426	745132730	10553702377	10553702377
keccak1600-x86_64	keccak1600-x86_64	runtime	stack	136	latency	4	74508	30559103	151254515	745750923	10584268730	10584268730
keccak1600-x86_64	keccak1600-x86_64	fixed	stack	136	throughput	4	75000	30587863	151557590	747225345	10614861343	10614861343
keccak1600-x86_64	keccak1600-x86_64	fixed	stack	136	latency	4	74592	30557853	151461409	743458812	10645426056	10645426056
keccak1600-x86_64	keccak1600-x86_64	runtime	asm	136	throughput	4	74534	30452903	150973431	745713020	10675885059	10675885059
keccak1600-x86_64	keccak1600-x86_64	runtime	asm	136	latency	4	74131	30356494	150450289	741977527	10706246392	10706246392
keccak1600-x86_64	keccak1600-x86_64	fixed	asm	136	throughput	4	74973	30551313	151053118	747031325	10736803965	10736803965
keccak1600-x86_64	keccak1600-x86_64	fixed	asm	136	latency	4	74679	30801563	152024752	744400616	10767615287	10767615287
keccak1600-x86_64	keccak1600-x86_64	runtime	shared	136	throughput	4	74074	30833782	151999940	740221829	10798460080	10798460080
keccak1600-x86_64	keccak1600-x86_64	runtime	shared	136	latency	4	73732	30805822	151721098	737099154	10829276283	10829276283
keccak1600-x86_64	keccak1600-x86_64	fixed	shared	136	throughput	4	74016	30811713	151932896	738828058	10860098056	10860098056
keccak1600-x86_64	keccak1600-x86_64	fixed	shared	136	latency	4	74450	30978223	152741430	743458052	10891087818	10891087818
keccak1600-x86_64	keccak1600-x86_64	control	empty	136	throughput	0	2000000	2848273	14037385	32000319	10893944136	10893944136
keccak1600-x86_64	keccak1600-x86_64	control	empty	136	latency	0	2000000	3702842	18337318	40000321	10897652043	10897652043
keccak1600-x86_64	keccak1600-x86_64	runtime	shared	137	throughput	0	72644	30154964	148696975	726149769	10927814006	10927814006
keccak1600-x86_64	keccak1600-x86_64	runtime	shared	137	latency	0	73789	30428673	150042480	737890344	10958250559	10958250559
keccak1600-x86_64	keccak1600-x86_64	fixed	shared	137	throughput	0	74389	30675463	151150135	742774515	10988923971	10988923971
keccak1600-x86_64	keccak1600-x86_64	fixed	shared	137	latency	0	74048	30528843	150531341	739665815	11019459704	11019459704
keccak1600-x86_64	keccak1600-x86_64	runtime	stack	137	throughput	0	73422	30244774	149082702	734807721	11049711947	11049711947
keccak1600-x86_64	keccak1600-x86_64	runtime	stack	137	latency	0	74102	30530673	150611874	741909570	11080249150	11080249150
keccak1600-x86_64	keccak1600-x86_64	fixed	stack	137	throughput	0	73591	30177904	148845377	733334661	11110433973	11110433973
keccak1600-x86_64	keccak1600-x86_64	fixed	stack	137	latency	0	74708	30672882	151454191	744764400	11141113966	11141113966
keccak1600-x86_64	keccak1600-x86_64	runtime	asm	137	throughput	0	73846	30504913	150592038	739051119	11171626659	11171626659
keccak1600-x86_64	keccak1600-x86_64	runtime	asm	137	latency	0	74188	30731663	151901150	742770607	11202367421	11202367421
keccak1600-x86_64	keccak1600-x86_64	fixed	asm	137	throughput	0	74941	30981202	152869910	746862350	11233359254	11233359254
keccak1600-x86_64	keccak1600-x86_64	fixed	asm	137	latency	0	73394	30544464	150632859	731738528	11263914086	11263914086
keccak1600-x86_64	keccak1600-x86_64	runtime	stack	137	throughput	1	74274	30859212	152108619	743334541	11294782329	11294782329
keccak1600-x86_64	keccak1600-x86_64	runtime	stack	137	latency	1	73198	30513393	150535569	732858721	11325304892	11325304892
keccak1600-x86_64	keccak1600-x86_64	fixed	stack	137	throughput	1	74537	30773913	151698792	742761551	11356088934	11356088934
keccak1600-x86_64	keccak1600-x86_64	fixed	stack	137	latency	1	74360	30926442	152490331	741295190	11387025687	11387025687
keccak1600-x86_64	keccak1600-x86_64	runtime	asm	137	throughput	1	73282	30306963	149450642	733406605	11417330230	11417330230
keccak1600-x86_64	keccak1600-x86_64	runtime	asm	137	latency	1	74303	30431454	150690149	743921991	11447768533	11447768533
keccak1600-x86_64	keccak1600-x86_64	fixed	asm	137	throughput	1	74856	30521013	151298480	746015247	11478298066	11478298066
keccak1600-x86_64	keccak1600-x86_64	fixed	asm	137	latency	1	74592	30363524	150535991	743682593	11508669659	11508669659
keccak1600-x86_64	keccak1600-x86_64	runtime	shared	137	throughput	1	74045	30206733	149753617	740154177	11538883302	11538883302
keccak1600-x86_64	keccak1600-x86_64	runtime	shared	137	latency	1	74592	30668293	151971692	745920354	11569556735	11569556735
keccak1600-x86_64	keccak1600-x86_64	fixed	shared	137	throughput	1	74679	30430833	150819463	745670160	11599992238	11599992238
keccak1600-x86_64	keccak1600-x86_64	fixed	shared	137	latency	1	74679	30541673	151332901	745968878	11630538481	11630538481
keccak1600-x86_64	keccak1600-x86_64	runtime	asm	137	throughput	2	74621	30399143	150755258	746807309	11660942254	11660942254
keccak1600-x86_64	keccak1600-x86_64	runtime	asm	137	latency	2	74102	30315514	150569628	741909575	11691262497	11691262497
keccak1600-x86_64	keccak1600-x86_64	fixed	asm	137	throughput	2	74131	30230883	150009985	738789895	11721497730	11721497730
keccak1600-x86_64	keccak1600-x86_64	fixed	asm	137	latency	2	73874	30115154	149696188	736524127	11751617063	11751617063
keccak1600-x86_64	keccak1600-x86_64	runtime	shared	137	throughput	2	74447	30507953	151364215	744172559	11782129296	11782129296
keccak1600-x86_64	keccak1600-x86_64	runtime	shared	137	latency	2	42962	17656091	87334574	429620332	11799789850	11799789850
keccak1600-x86_64	keccak1600-x86_64	fixed	shared	137	throughput	2	74766	30585863	151335744	746538863	11830380493	11830380493
keccak1600-x86_64	keccak1600-x86_64	fixed	shared	137	latency	2	74131	30367063	150432614	740494903	11860753706	11860753706
keccak1600-x86_64	keccak1600-x86_64	runtime	stack	137	throughput	2	74447	30413454	150764118	745065927	11891174579	11891174579
keccak1600-x86_64	keccak1600-x86_64	runtime	stack	137	latency	2	74389	30600102	151686269	744783019	11921781441	11921781441
keccak1600-x86_64	keccak1600-x86_64	fixed	stack	137	throughput	2	65239	26696132	132240639	650106976	11948477857	11948477857
keccak1600-x86_64	keccak1600-x86_64	fixed	stack	137	latency	2	71245	29120707	144547347	710241753	11977603042	11977603042
keccak1600-x86_64	keccak1600-x86_64	runtime	shared	137	throughput	3	74188	30369743	150573610	741583594	12007977055	12007977055
keccak1600-x86_64	keccak1600-x86_64	runtime	shared	137	latency	3	74159	30303683	150214577	741590351	12038285649	12038285649
keccak1600-x86_64	keccak1600-x86_64	fixed	shared	137	throughput	3	74737	30435034	150957528	746249294	12068724942	12068724942
keccak1600-x86_64	keccak1600-x86_64	fixed	shared	137	latency	3	74766	30482683	151199751	746837919	12099211785	12099211785
keccak1600-x86_64	keccak1600-x86_64	runtime	stack	137	throughput	3	74915	30537163	151368163	749749671	12129752628	12129752628
keccak1600-x86_64	keccak1600-x86_64	runtime	stack	137	latency	3	74274	30530014	151426443	743631642	12160287201	12160287201
keccak1600-x86_64	keccak1600-x86_64	fixed	stack	137	throughput	3	74882	30387914	150760660	746199486	12190679064	12190679064
keccak1600-x86_64	keccak1600-x86_64	fixed	stack	137	latency	3	74708	30562202	151614778	744764402	12221244527	12221244527
keccak1600-x86_64	keccak1600-x86_64	runtime	asm	137	throughput	3	74795	30458464	150973027	748548716	12251706379	12251706379
keccak1600-x86_64	keccak1600-x86_64	runtime	asm	137	latency	3	74389	30295833	150321178	744783022	12282005622	12282005622
keccak1600-x86_64	keccak1600-x86_64	fixed	asm	137	throughput	3	74941	30450573	150912116	746862365	12312443685	12312443685
keccak1600-x86_64	keccak1600-x86_64	fixed	asm	137	latency	3	66551	27176261	134889004	663513820	12339623191	12339623191
keccak1600-x86_64	keccak1600-x86_64	runtime	stack	137	throughput	4	74882	30640412	151954398	749419408	12370267004	12370267004
keccak1600-x86_64	keccak1600-x86_64	runtime	stack	137	latency	4	74188	30285484	150229898	742770614	12400552167	12400552167
keccak1600-x86_64	keccak1600-x86_64	fixed	stack	137	throughput	4	74973	30252554	150209819	747106299	12430808210	12430808210
keccak1600-x86_64	keccak1600-x86_64	fixed	stack	137	latency	4	75087	30453003	151147028	748542662	12461264493	12461264493
keccak1600-x86_64	keccak1600-x86_64	runtime	asm	137	throughput	4	74621	30268344	150312776	746807320	12491536196	12491536196
keccak1600-x86_64	keccak1600-x86_64	runtime	asm	137	latency	4	74217	30224934	150027599	743060960	12521764229	12521764229
keccak1600-x86_64	keccak1600-x86_64	fixed	asm	137	throughput	4	75032	30362994	150633885	747769268	12552130502	12552130502
keccak1600-x86_64	keccak1600-x86_64	fixed	asm	137	latency	4	51474	21170903	105104126	513196119	12573305563	12573305563
keccak1600-x86_64	keccak1600-x86_64	runtime	shared	137	throughput	4	68916	28057129	139123229	688884688	12601365908	12601365908
keccak1600-x86_64	keccak1600-x86_64	runtime	shared	137	latency	4	74563	30276134	150207664	745630357	12631645311	12631645311
keccak1600-x86_64	keccak1600-x86_64	fixed	shared	137	throughput	4	74766	30350743	150506105	746538864	12661999294	12661999294
keccak1600-x86_64	keccak1600-x86_64	fixed	shared	137	latency	4	74534	30437013	151109138	744520478	12692439697	12692439697
keccak1600-x86_64	keccak1600-x86_64	control	empty	137	throughput	0	2000000	2814134	13943685	32000317	12695257124	12695257124
keccak1600-x86_64	keccak1600-x86_64	control	empty	137	latency	0	2000000	3643992	18169339	40000319	12698904061	12698904061
keccak1600-x86_64	keccak1600-x86_64	runtime	shared	272	throughput	0	45856	27799089	137846770	682200062	12726706716	12726706716
keccak1600-x86_64	keccak1600-x86_64	runtime	shared	272	latency	0	50301	30543533	151427436	748529531	12757253909	12757253909
keccak1600-x86_64	keccak1600-x86_64	fixed	shared	272	throughput	0	50327	30571313	151491280	748161534	12787829712	12787829712
keccak1600-x86_64	keccak1600-x86_64	fixed	shared	272	latency	0	49934	30391273	150682054	742518928	12818225835	12818225835
keccak1600-x86_64	keccak1600-x86_64	runtime	stack	272	throughput	0	50433	30668773	151977852	750897284	12848899327	12848899327
keccak1600-x86_64	keccak1600-x86_64	runtime	stack	272	latency	0	50130	30459163	151081763	746586443	12879362960	12879362960
keccak1600-x86_64	keccak1600-x86_64	fixed	stack	272	throughput	0	50131	30415724	150844777	744295301	12909782533	12909782533
keccak1600-x86_64	keccak1600-x86_64	fixed	stack	272	latency	0	50420	30488053	151237996	748787774	12940274646	12940274646
keccak1600-x86_64	keccak1600-x86_64	runtime	asm	272	throughput	0	50367	30478773	151035177	749914616	12970749819	12970749819
keccak1600-x86_64	keccak1600-x86_64	runtime	asm	272	latency	0	50459	30684993	152004590	751486240	13001438592	13001438592
keccak1600-x86_64	keccak1600-x86_64	fixed	asm	272	throughput	0	50314	30586543	151672934	747062616	13032028944	13032028944
keccak1600-x86_64	keccak1600-x86_64	fixed	asm	272	latency	0	50288	30417003	150830754	746877730	13062449977	13062449977
keccak1600-x86_64	keccak1600-x86_64	runtime	stack	272	throughput	1	50235	30572273	151638582	747949265	13093026430	13093026430
keccak1600-x86_64	keccak1600-x86_64	runtime	stack	272	latency	1	46726	28389478	140791417	695890662	13121420365	13121420365
keccak1600-x86_64	keccak1600-x86_64	fixed	stack	272	throughput	1	50420	30513933	151210538	748586086	13151938867	13151938867
keccak1600-x86_64	keccak1600-x86_64	fixed	stack	272	latency	1	50554	30547593	151403722	750777807	13182490680	13182490680
keccak1600-x86_64	keccak1600-x86_64	runtime	asm	272	throughput	1	50380	30487924	151004474	750108166	13212982113	13212982113
keccak1600-x86_64	keccak1600-x86_64	runtime	asm	272	latency	1	50235	30438754	150986725	748150206	13243424596	13243424596
keccak1600-x86_64	keccak1600-x86_64	fixed	asm	272	throughput	1	50434	30527693	151296927	748844388	13273956299	13273956299
keccak1600-x86_64	keccak1600-x86_64	fixed	asm	272	latency	1	46455	28169568	139383207	689950007	13302129914	13302129914
keccak1600-x86_64	keccak1600-x86_64	runtime	shared	272	throughput	1	49973	30363364	150520625	743448669	13332498247	13332498247
keccak1600-x86_64	keccak1600-x86_64	runtime	shared	272	latency	1	50433	30559073	151470423	750493830	13363062179	13363062179
keccak1600-x86_64	keccak1600-x86_64	fixed	shared	272	throughput	1	50328	30609073	151787200	748176392	13393675532	13393675532
keccak1600-x86_64	keccak1600-x86_64	fixed	shared	272	latency	1	50393	30606973	151832141	749344254	13424286995	13424286995
keccak1600-x86_64	keccak1600-x86_64	runtime	asm	272	throughput	2	50248	30397223	150719793	748142829	13454687978	13454687978
keccak1600-x86_64	keccak1600-x86_64	runtime	asm	272	latency	2	50196	30533053	151458840	747569385	13485217700	13485217700
keccak1600-x86_64	keccak1600-x86_64	fixed	asm	272	throughput	2	50446	30453073	150987063	749022556	13515675453	13515675453
keccak1600-x86_64	keccak1600-x86_64	fixed	asm	272	latency	2	50327	30529013	151500127	747456955	13546208706	13546208706
keccak1600-x86_64	keccak1600-x86_64	runtime	shared	272	throughput	2	50169	30373153	150730444	746364566	13576585839	13576585839
keccak1600-x86_64	keccak1600-x86_64	runtime	shared	272	latency	2	49625	30463683	151072202	738469981	13607052942	13607052942
keccak1600-x86_64	keccak1600-x86_64	fixed	shared	272	throughput	2	43184	26238663	130024952	641973689	13633296739	13633296739
keccak1600-x86_64	keccak1600-x86_64	fixed	shared	272	latency	2	49779	30419474	150292476	740214078	13663723722	13663723722
keccak1600-x86_64	keccak1600-x86_64	runtime	stack	272	throughput	2	50052	30389253	149915361	745224583	13694119565	13694119565
keccak1600-x86_64	keccak1600-x86_64	runtime	stack	272	latency	2	49947	30558463	150953986	743861023	13724684998	13724684998
keccak1600-x86_64	keccak1600-x86_64	fixed	stack	272	throughput	2	50156	30387583	150595968	744666478	13755079521	13755079521
keccak1600-x86_64	keccak1600-x86_64	fixed	stack	272	latency	2	50354	30547523	151012560	747807602	13785632734	13785632734
keccak1600-x86_64	keccak1600-x86_64	runtime	shared	272	throughput	3	50223	30634153	151534252	747167918	13816272076	13816272076
keccak1600-x86_64	keccak1600-x86_64	runtime	shared	272	latency	3	50052	30381204	150587270	744824161	13846658739	13846658739
keccak1600-x86_64	keccak1600-x86_64	fixed	shared	272	throughput	3	50249	30672043	151932073	747001986	13877338072	13877338072
keccak1600-x86_64	keccak1600-x86_64	fixed	shared	272	latency	3	50288	30732982	152082086	747782912	13908079965	13908079965
keccak1600-x86_64	keccak1600-x86_64	runtime	stack	272	throughput	3	50169	30419154	150606537	746966591	13938505148	13938505148
keccak1600-x86_64	keccak1600-x86_64	runtime	stack	272	latency	3	44765	27241910	135032878	666685493	13965752404	13965752404
keccak1600-x86_64	keccak1600-x86_64	fixed	stack	272	throughput	3	50433	30552102	151359262	748779105	13996302037	13996302037
keccak1600-x86_64	keccak1600-x86_64	fixed	stack	272	latency	3	43517	26361442	130646952	646271311	14022667863	14022667863
keccak1600-x86_64	keccak1600-x86_64	runtime	asm	272	throughput	3	50354	30539643	151375685	749721054	14053211376	14053211376
keccak1600-x86_64	keccak1600-x86_64	runtime	asm	272	latency	3	50169	30464823	150979613	747167272	14083680309	14083680309
keccak1600-x86_64	keccak1600-x86_64	fixed	asm	272	throughput	3	50367	30529493	151328988	747849569	14114214312	14114214312
keccak1600-x86_64	keccak1600-x86_64	fixed	asm	272	latency	3	49896	30328383	150360756	741055737	14144546605	14144546605
keccak1600-x86_64	keccak1600-x86_64	runtime	stack	272	throughput	4	50156	30495764	151181472	746773035	14175046198	14175046198
keccak1600-x86_64	keccak1600-x86_64	runtime	stack	272	latency	4	45529	27647279	137061175	678063747	14202697863	14202697863
keccak1600-x86_64	keccak1600-x86_64	fixed	stack	272	throughput	4	50340	30491723	151151244	747398332	14233195626	14233195626
keccak1600-x86_64	keccak1600-x86_64	fixed	stack	272	latency	4	50209	30393103	150696185	745654209	14263595029	14263595029
keccak1600-x86_64	keccak1600-x86_64	runtime	asm	272	throughput	4	49934	30412083	150611389	743467680	14294012922	14294012922
keccak1600-x86_64	keccak1600-x86_64	runtime	asm	272	latency	4	47548	28947556	143321360	708132718	14322964926	14322964926
keccak1600-x86_64	keccak1600-x86_64	fixed	asm	272	throughput	4	50130	30399283	150091527	744330588	14353368609	14353368609
keccak1600-x86_64	keccak1600-x86_64	fixed	asm	272	latency	4	50248	30528183	150915839	746283645	14383901822	14383901822
keccak1600-x86_64	keccak1600-x86_64	runtime	shared	272	throughput	4	50091	31336082	155208427	745204153	14415245154	14415245154
keccak1600-x86_64	keccak1600-x86_64	runtime	shared	272	latency	4	50261	30447833	150882370	747934291	14445699007	14445699007
keccak1600-x86_64	keccak1600-x86_64	fixed	shared	272	throughput	4	50196	30378124	150633195	746214086	14476081190	14476081190
keccak1600-x86_64	keccak1600-x86_64	fixed	shared	272	latency	4	50091	30202603	149772486	744853519	14506286984	14506286984
keccak1600-x86_64	keccak1600-x86_64	control	empty	272	throughput	0	2000000	2816424	13963459	32000319	14509106541	14509106541
keccak1600-x86_64	keccak1600-x86_64	control	empty	272	latency	0	2000000	3659102	18196925	40000320	14512768658	14512768658
keccak1600-x86_64	keccak1600-x86_64	runtime	shared	532	throughput	0	37952	30511523	151373733	749818014	14543283551	14543283551
keccak1600-x86_64	keccak1600-x86_64	runtime	shared	532	latency	0	33844	27303380	135361835	668791630	14570590897	14570590897
keccak1600-x86_64	keccak1600-x86_64	fixed	shared	532	throughput	0	37832	30474133	151095904	747031020	14601069080	14601069080
keccak1600-x86_64	keccak1600-x86_64	fixed	shared	532	latency	0	37610	30165864	149617442	742797856	14631239683	14631239683
keccak1600-x86_64	keccak1600-x86_64	runtime	stack	532	throughput	0	37713	30492823	151297868	745548648	14661738396	14661738396
keccak1600-x86_64	keccak1600-x86_64	runtime	stack	532	latency	0	37743	30491163	151105668	746292685	14692234929	14692234929
keccak1600-x86_64	keccak1600-x86_64	fixed	stack	532	throughput	0	37982	30993912	153677584	749765033	14723236431	14723236431
keccak1600-x86_64	keccak1600-x86_64	fixed	stack	532	latency	0	28867	23723748	117618854	569950387	14746970900	14746970900
keccak1600-x86_64	keccak1600-x86_64	runtime	asm	532	throughput	0	37825	30416494	150787391	747762774	14777396183	14777396183
keccak1600-x86_64	keccak1600-x86_64	runtime	asm	532	latency	0	37765	30637702	151823001	746727688	14808043595	14808043595
keccak1600-x86_64	keccak1600-x86_64	fixed	asm	532	throughput	0	38004	30509503	151221468	750237315	14838560088	14838560088
keccak1600-x86_64	keccak1600-x86_64	fixed	asm	532	latency	0	37914	30524783	151304216	748612277	14869090611	14869090611
keccak1600-x86_64	keccak1600-x86_64	runtime	stack	532	throughput	1	37832	30596403	151669581	747901158	14899693114	14899693114
keccak1600-x86_64	keccak1600-x86_64	runtime	stack	532	latency	1	37588	30344353	150292006	743227869	14930034887	14930034887
keccak1600-x86_64	keccak1600-x86_64	fixed	stack	532	throughput	1	37982	30620823	151746658	749765027	14960659579	14960659579
keccak1600-x86_64	keccak1600-x86_64	fixed	stack	532	latency	1	37915	30524934	151258832	748594109	14991188572	14991188572
keccak1600-x86_64	keccak1600-x86_64	runtime	asm	532	throughput	1	37603	30306074	150273929	743374054	15021498625	15021498625
keccak1600-x86_64	keccak1600-x86_64	runtime	asm	532	latency	1	37787	30568853	151577566	747162700	15052071508	15052071508
keccak1600-x86_64	keccak1600-x86_64	fixed	asm	532	throughput	1	38020	30448784	151099931	750553166	15082524601	15082524601
keccak1600-x86_64	keccak1600-x86_64	fixed	asm	532	latency	1	38012	30472674	151382653	750547290	15113002364	15113002364
keccak1600-x86_64	keccak1600-x86_64	runtime	shared	532	throughput	1	38019	30495773	151620466	751141734	15143502757	15143502757
keccak1600-x86_64	keccak1600-x86_64	runtime	shared	532	latency	1	35094	28269448	140520233	693492877	15171779082	15171779082
keccak1600-x86_64	keccak1600-x86_64	fixed	shared	532	throughput	1	38057	30496833	151311552	751473873	15202281635	15202281635
keccak1600-x86_64	keccak1600-x86_64	fixed	shared	532	latency	1	37937	30535553	151383303	749256101	15232821388	15232821388
keccak1600-x86_64	keccak1600-x86_64	runtime	asm	532	throughput	2	38034	30570663	151485175	751894498	15263386810	15263386810
keccak1600-x86_64	keccak1600-x86_64	runtime	asm	532	latency	2	37624	30425733	150931278	743939706	15293817113	15293817113
keccak1600-x86_64	keccak1600-x86_64	fixed	asm	532	throughput	2	37967	30669552	152022774	749506901	15324494906	15324494906
keccak1600-x86_64	keccak1600-x86_64	fixed	asm	532	latency	2	37892	30480983	150882178	748177889	15354985169	15354985169
keccak1600-x86_64	keccak1600-x86_64	runtime	shared	532	throughput	2	36294	29335196	145431898	717060905	15384326903	15384326903
keccak1600-x86_64	keccak1600-x86_64	runtime	shared	532	latency	2	37892	30447193	150964239	748784165	15414778295	15414778295
keccak1600-x86_64	keccak1600-x86_64	fixed	shared	532	throughput	2	37900	30742133	152234430	748373750	15445516518	15445516518
keccak1600-x86_64	keccak1600-x86_64	fixed	shared	532	latency	2	37802	30616433	151735690	746589851	15476139751	15476139751
keccak1600-x86_64	keccak1600-x86_64	runtime	stack	532	throughput	2	37536	30215514	149769809	742049530	15506361844	15506361844
keccak1600-x86_64	keccak1600-x86_64	runtime	stack	532	latency	2	37735	30383493	150617784	746134505	15536749627	15536749627
keccak1600-x86_64	keccak1600-x86_64	fixed	stack	532	throughput	2	34218	27456980	136111685	675463661	15564210262	15564210262
keccak1600-x86_64	keccak1600-x86_64	fixed	stack	532	latency	2	36110	28922896	143408257	712956189	15593136866	15593136866
keccak1600-x86_64	keccak1600-x86_64	runtime	shared	532	throughput	3	37765	30491963	151144921	746123461	15623632789	15623632789
keccak1600-x86_64	keccak1600-x86_64	runtime	shared	532	latency	3	37810	30433413	150518565	747163760	15654070662	15654070662
keccak1600-x86_64	keccak1600-x86_64	fixed	shared	532	throughput	3	37854	30544033	151374997	747465437	15684620255	15684620255
keccak1600-x86_64	keccak1600-x86_64	fixed	shared	532	latency	3	37869	30459533	150879587	747913099	15715084818	15715084818
keccak1600-x86_64	keccak1600-x86_64	runtime	stack	532	throughput	3	37566	30357303	150160303	742642608	15745446911	15745446911
keccak1600-x86_64	keccak1600-x86_64	runtime	stack	532	latency	3	37676	30341513	150184820	744967898	15775793064	15775793064
keccak1600-x86_64	keccak1600-x86_64	fixed	stack	532	throughput	3	37922	30653483	151682992	748580627	15806454027	15806454027
keccak1600-x86_64	keccak1600-x86_64	fixed	stack	532	latency	3	37914	30739072	152324165	748574364	15837202160	15837202160
keccak1600-x86_64	keccak1600-x86_64	runtime	asm	532	throughput	3	37750	30337623	150424338	746280102	15867546643	15867546643
keccak1600-x86_64	keccak1600-x86_64	runtime	asm	532	latency	3	37676	30326544	150374933	744967901	15897877106	15897877106
keccak1600-x86_64	keccak1600-x86_64	fixed	asm	532	throughput	3	37975	30304914	150275387	749664823	15928185739	15928185739
keccak1600-x86_64	keccak1600-x86_64	fixed	asm	532	latency	3	37914	30381573	150580007	748612280	15958564072	15958564072
keccak1600-x86_64	keccak1600-x86_64	runtime	stack	532	throughput	4	36329	29197636	144869486	718188354	15987765157	15987765157
keccak1600-x86_64	keccak1600-x86_64	runtime	stack	532	latency	4	37787	30535563	151339174	747162702	16018305300	16018305300
keccak1600-x86_64	keccak1600-x86_64	fixed	stack	532	throughput	4	37368	29915134	148336218	737644674	16048225254	16048225254
keccak1600-x86_64	keccak1600-x86_64	fixed	stack	532	latency	4	37922	30518363	151199336	748732326	16078747596	16078747596
keccak1600-x86_64	keccak1600-x86_64	runtime	asm	532	throughput	4	37944	30520333	150979986	750115281	16109271769	16109271769
keccak1600-x86_64	keccak1600-x86_64	runtime	asm	532	latency	4	36802	29672444	147137258	727686298	16138948253	16138948253
keccak1600-x86_64	keccak1600-x86_64	fixed	asm	532	throughput	4	37899	30382183	150700839	748164514	16169333846	16169333846
keccak1600-x86_64	keccak1600-x86_64	fixed	asm	532	latency	4	37854	30516493	151312436	747427579	16199855818	16199855818
keccak1600-x86_64	keccak1600-x86_64	runtime	shared	532	throughput	4	37802	30780733	152464008	746854465	16230644781	16230644781
keccak1600-x86_64	keccak1600-x86_64	runtime	shared	532	latency	4	37892	30591312	151607093	748784165	16261242694	16261242694
keccak1600-x86_64	keccak1600-x86_64	fixed	shared	532	throughput	4	37854	30458973	151027313	747465434	16291706737	16291706737
keccak1600-x86_64	keccak1600-x86_64	fixed	shared	532	latency	4	37810	30482233	151115209	746747851	16322193720	16322193720
keccak1600-x86_64	keccak1600-x86_64	control	empty	532	throughput	0	2000000	2818294	13962413	32000319	16325015438	16325015438
keccak1600-x86_64	keccak1600-x86_64	control	empty	532	latency	0	2000000	3634072	18121483	40000319	16328652525	16328652525
keccak1600-x86_64	keccak1600-x86_64	runtime	shared	1024	throughput	0	19144	30652782	151972652	752225546	16359309318	16359309318
keccak1600-x86_64	keccak1600-x86_64	runtime	shared	1024	latency	0	19024	30463923	150959074	747586478	16389772961	16389772961
keccak1600-x86_64	keccak1600-x86_64	fixed	shared	1024	throughput	0	18882	30300413	150252924	741723070	16420079724	16420079724
keccak1600-x86_64	keccak1600-x86_64	fixed	shared	1024	latency	0	19064	30502033	151147788	748948663	16450587367	16450587367
keccak1600-x86_64	keccak1600-x86_64	runtime	stack	1024	throughput	0	18518	29739214	147424119	727850336	16480331290	16480331290
keccak1600-x86_64	keccak1600-x86_64	runtime	stack	1024	latency	0	19154	30531303	151409056	752924938	16510867633	16510867633
keccak1600-x86_64	keccak1600-x86_64	fixed	stack	1024	throughput	0	17970	28633227	141999076	705718185	16539504567	16539504567
keccak1600-x86_64	keccak1600-x86_64	fixed	stack	1024	latency	0	19112	30701732	152127081	750643265	16570210250	16570210250
keccak1600-x86_64	keccak1600-x86_64	runtime	asm	1024	throughput	0	19083	30387343	150762079	750057672	16600601133	16600601133
keccak1600-x86_64	keccak1600-x86_64	runtime	asm	1024	latency	0	19154	30672693	152101855	752924940	16631277386	16631277386
keccak1600-x86_64	keccak1600-x86_64	fixed	asm	1024	throughput	0	19093	30517633	151242710	749839739	16661788939	16661788939
keccak1600-x86_64	keccak1600-x86_64	fixed	asm	1024	latency	0	18854	30304324	150250416	740528903	16692098182	16692098182
keccak1600-x86_64	keccak1600-x86_64	runtime	stack	1024	throughput	1	17787	28864217	143086512	699118380	16720969886	16720969886
keccak1600-x86_64	keccak1600-x86_64	runtime	stack	1024	latency	1	18254	29175056	144703146	717546838	16750150560	16750150560
keccak1600-x86_64	keccak1600-x86_64	fixed	stack	1024	throughput	1	15472	24766616	122790237	607616730	16774921418	16774921418
keccak1600-x86_64	keccak1600-x86_64	fixed	stack	1024	latency	1	18829	30222393	149832677	739528159	16805147071	16805147071
keccak1600-x86_64	keccak1600-x86_64	runtime	asm	1024	throughput	1	19021	30394833	150775369	747620763	16835545594	16835545594
keccak1600-x86_64	keccak1600-x86_64	runtime	asm	1024	latency	1	19155	30976642	153545263	752964253	16866527646	16866527646
keccak1600-x86_64	keccak1600-x86_64	fixed	asm	1024	throughput	1	19089	30428543	150875466	749682648	16896960609	16896960609
keccak1600-x86_64	keccak1600-x86_64	fixed	asm	1024	latency	1	18989	30370033	150385764	745831302	16927329202	16927329202
keccak1600-x86_64	keccak1600-x86_64	runtime	shared	1024	throughput	1	19049	30466943	151033556	748492709	16957799704	16957799704
keccak1600-x86_64	keccak1600-x86_64	runtime	shared	1024	latency	1	18070	28978817	143373703	710097139	16986782389	16986782389
keccak1600-x86_64	keccak1600-x86_64	fixed	shared	1024	throughput	1	19091	30520773	151337035	749933013	17017307582	17017307582
keccak1600-x86_64	keccak1600-x86_64	fixed	shared	1024	latency	1	18992	30484293	151097518	746120059	17047797215	17047797215
keccak1600-x86_64	keccak1600-x86_64	runtime	asm	1024	throughput	2	19083	30581023	151600352	750057667	17078383058	17078383058
keccak1600-x86_64	keccak1600-x86_64	runtime	asm	1024	latency	2	19152	30693582	152009370	752846311	17109081760	17109081760
keccak1600-x86_64	keccak1600-x86_64	fixed	asm	1024	throughput	2	19093	30469143	150979913	749839738	17139555513	17139555513
keccak1600-x86_64	keccak1600-x86_64	fixed	asm	1024	latency	2	19083	30458773	150983561	749523338	17170017796	17170017796
keccak1600-x86_64	keccak1600-x86_64	runtime	shared	1024	throughput	2	18190	29078586	144074495	714740016	17199101810	17199101810
keccak1600-x86_64	keccak1600-x86_64	runtime	shared	1024	latency	2	19070	30491833	151148758	749394138	17229597163	17229597163
keccak1600-x86_64	keccak1600-x86_64	fixed	shared	1024	throughput	2	17341	27708119	137274281	681189504	17257308849	17257308849
keccak1600-x86_64	keccak1600-x86_64	fixed	shared	1024	latency	2	19087	30471533	151034782	749852227	17287783852	17287783852
keccak1600-x86_64	keccak1600-x86_64	runtime	stack	1024	throughput	2	19062	30467773	151079985	749232259	17318254925	17318254925
keccak1600-x86_64	keccak1600-x86_64	runtime	stack	1024	latency	2	17957	28735446	142565570	705872057	17346994000	17346994000
keccak1600-x86_64	keccak1600-x86_64	fixed	stack	1024	throughput	2	19226	30505083	151279036	755043825	17377502832	17377502832
keccak1600-x86_64	keccak1600-x86_64	fixed	stack	1024	latency	2	17567	27927949	138591669	689961842	17405434167	17405434167
keccak1600-x86_64	keccak1600-x86_64	runtime	shared	1024	throughput	3	19133	30505023	151263904	751793323	17435942600	17435942600
keccak1600-x86_64	keccak1600-x86_64	runtime	shared	1024	latency	3	19076	30490763	151080332	749629918	17466436983	17466436983
keccak1600-x86_64	keccak1600-x86_64	fixed	shared	1024	throughput	3	19068	30409363	150716434	749029533	17496840636	17496840636
keccak1600-x86_64	keccak1600-x86_64	fixed	shared	1024	latency	3	19161	30534203	151511896	752759399	17527378099	17527378099
keccak1600-x86_64	keccak1600-x86_64	runtime	stack	1024	throughput	3	18895	30123564	149491100	742668323	17557504823	17557504823
keccak1600-x86_64	keccak1600-x86_64	runtime	stack	1024	latency	3	18660	29662485	147258026	733506292	17587170466	17587170466
keccak1600-x86_64	keccak1600-x86_64	fixed	stack	1024	throughput	3	19043	30295213	150231995	747857048	17617468809	17617468809
keccak1600-x86_64	keccak1600-x86_64	fixed	stack	1024	latency	3	19085	30303663	150322450	749582813	17647776012	17647776012
keccak1600-x86_64	keccak1600-x86_64	runtime	asm	1024	throughput	3	18223	29084986	144150010	716255368	17676864156	17676864156
keccak1600-x86_64	keccak1600-x86_64	runtime	asm	1024	latency	3	19008	30393163	150808974	747185820	17707260499	17707260499
keccak1600-x86_64	keccak1600-x86_64	fixed	asm	1024	throughput	3	19112	30677082	152066019	750585927	17737942571	17737942571
keccak1600-x86_64	keccak1600-x86_64	fixed	asm	1024	latency	3	19096	30467643	151031996	750033940	17768414654	17768414654
keccak1600-x86_64	keccak1600-x86_64	runtime	stack	1024	throughput	4	19085	30490403	151217504	750136275	17798908927	17798908927
keccak1600-x86_64	keccak1600-x86_64	runtime	stack	1024	latency	4	18790	30111444	149313738	738616460	17829023930	17829023930
keccak1600-x86_64	keccak1600-x86_64	fixed	stack	1024	throughput	4	19091	30411334	150833388	749742103	17859438423	17859438423
keccak1600-x86_64	keccak1600-x86_64	fixed	stack	1024	latency	4	19079	30496183	151298521	749347157	17889937816	17889937816
keccak1600-x86_64	keccak1600-x86_64	runtime	asm	1024	throughput	4	18805	29974264	148676841	739130878	17919915359	17919915359
keccak1600-x86_64	keccak1600-x86_64	runtime	asm	1024	latency	4	19127	30529013	151569692	751863600	17950442252	17950442252
keccak1600-x86_64	keccak1600-x86_64	fixed	asm	1024	throughput	4	18617	29636245	147038883	731145791	17980082006	17980082006
keccak1600-x86_64	keccak1600-x86_64	fixed	asm	1024	latency	4	18299	29175746	144754934	718730170	18009261080	18009261080
keccak1600-x86_64	keccak1600-x86_64	runtime	shared	1024	throughput	4	19043	30520323	151465207	748256940	18039784853	18039784853
keccak1600-x86_64	keccak1600-x86_64	runtime	shared	1024	latency	4	19087	30586443	151600855	750062186	18070375665	18070375665
keccak1600-x86_64	keccak1600-x86_64	fixed	shared	1024	throughput	4	19070	30392554	150863107	749108089	18100773428	18100773428
keccak1600-x86_64	keccak1600-x86_64	fixed	shared	1024	latency	4	18144	29084506	144166613	712805532	18129865482	18129865482
keccak1600-x86_64	keccak1600-x86_64	control	empty	1024	throughput	0	2000000	2825544	13990469	32000318	18132696420	18132696420
keccak1600-x86_64	keccak1600-x86_64	control	empty	1024	latency	0	2000000	4036401	20110537	40000319	18136736116	18136736116
keccak1600-x86_64	keccak1600-x86_64	runtime	shared	4096	throughput	0	4918	30406873	150806193	745701937	18167147209	18167147209
keccak1600-x86_64	keccak1600-x86_64	runtime	shared	4096	latency	0	4949	30471553	150859896	750422165	18197623492	18197623492
keccak1600-x86_64	keccak1600-x86_64	fixed	shared	4096	throughput	0	4953	30815473	152544667	750954396	18228444994	18228444994
keccak1600-x86_64	keccak1600-x86_64	fixed	shared	4096	latency	0	4887	30156234	149347729	740967286	18258608697	18258608697
keccak1600-x86_64	keccak1600-x86_64	runtime	stack	4096	throughput	0	4832	30203584	149210574	732719994	18288818390	18288818390
keccak1600-x86_64	keccak1600-x86_64	runtime	stack	4096	latency	0	4662	28883357	142683078	706960015	18317707594	18317707594
keccak1600-x86_64	keccak1600-x86_64	fixed	stack	4096	throughput	0	4919	30677123	151702304	745720755	18348388717	18348388717
keccak1600-x86_64	keccak1600-x86_64	fixed	stack	4096	latency	0	4946	31031542	153246192	749833735	18379426740	18379426740
keccak1600-x86_64	keccak1600-x86_64	runtime	asm	4096	throughput	0	4857	30062134	148603059	736510973	18409495103	18409495103
keccak1600-x86_64	keccak1600-x86_64	runtime	asm	4096	latency	0	4929	30355404	150495765	747448697	18439854156	18439854156
keccak1600-x86_64	keccak1600-x86_64	fixed	asm	4096	throughput	0	4947	30948282	153449200	749970497	18470805858	18470805858
keccak1600-x86_64	keccak1600-x86_64	fixed	asm	4096	latency	0	4879	30167964	149550176	739681145	18500977251	18500977251
keccak1600-x86_64	keccak1600-x86_64	runtime	stack	4096	throughput	1	4897	30332443	150408748	742576531	18531312934	18531312934
keccak1600-x86_64	keccak1600-x86_64	runtime	stack	4096	latency	1	4940	30541923	151457770	749116766	18561858907	18561858907
keccak1600-x86_64	keccak1600-x86_64	fixed	stack	4096	throughput	1	4951	30297034	150634019	750571949	18592160640	18592160640
keccak1600-x86_64	keccak1600-x86_64	fixed	stack	4096	latency	1	4974	30869462	153384611	754078654	18623034842	18623034842
keccak1600-x86_64	keccak1600-x86_64	runtime	asm	4096	throughput	1	4894	30486563	151390340	742121618	18653526325	18653526325
keccak1600-x86_64	keccak1600-x86_64	runtime	asm	4096	latency	1	4964	30442393	151177665	752756203	18683971988	18683971988
keccak1600-x86_64	keccak1600-x86_64	fixed	asm	4096	throughput	1	4953	30554163	151837008	750880112	18714529361	18714529361
keccak1600-x86_64	keccak1600-x86_64	fixed	asm	4096	latency	1	4675	29951644	148718668	708753729	18744484115	18744484115
keccak1600-x86_64	keccak1600-x86_64	runtime	shared	4096	throughput	1	4491	27543589	136578803	680957205	18772030901	18772030901
keccak1600-x86_64	keccak1600-x86_64	runtime	shared	4096	latency	1	4913	30105884	149297547	744963453	18802139835	18802139835
keccak1600-x86_64	keccak1600-x86_64	fixed	shared	4096	throughput	1	4904	29919264	148898504	743525216	18832062228	18832062228
keccak1600-x86_64	keccak1600-x86_64	fixed	shared	4096	latency	1	4975	30421663	151202813	754309853	18862486971	18862486971
keccak1600-x86_64	keccak1600-x86_64	runtime	asm	4096	throughput	2	4940	30219664	150251316	749097013	18892709794	18892709794
keccak1600-x86_64	keccak1600-x86_64	runtime	asm	4096	latency	2	4858	29740125	147823037	736682044	18922453088	18922453088
keccak1600-x86_64	keccak1600-x86_64	fixed	asm	4096	throughput	2	4909	30029245	149173462	744209666	18952478922	18952478922
keccak1600-x86_64	keccak1600-x86_64	fixed	asm	4096	latency	2	4947	30337024	150537284	749990288	18982819215	18982819215
keccak1600-x86_64	keccak1600-x86_64	runtime	shared	4096	throughput	2	4972	30473543	151366281	753889797	19013295908	19013295908
keccak1600-x86_64	keccak1600-x86_64	runtime	shared	4096	latency	2	4939	30438033	151113563	748905861	19043737771	19043737771
keccak1600-x86_64	keccak1600-x86_64	fixed	shared	4096	throughput	2	4977	30524613	151718978	754593186	19074266754	19074266754
keccak1600-x86_64	keccak1600-x86_64	fixed	shared	4096	latency	2	4976	30459113	151350229	754461477	19104729227	19104729227
keccak1600-x86_64	keccak1600-x86_64	runtime	stack	4096	throughput	2	4974	30573243	151908504	754252741	19135305669	19135305669
keccak1600-x86_64	keccak1600-x86_64	runtime	stack	4096	latency	2	4938	30395273	150821452	748813483	19165704122	19165704122
keccak1600-x86_64	keccak1600-x86_64	fixed	stack	4096	throughput	2	4979	30458593	151339361	754816751	19196166025	19196166025
keccak1600-x86_64	keccak1600-x86_64	fixed	stack	4096	latency	2	4518	27743749	137673986	684947216	19223913170	19223913170
keccak1600-x86_64	keccak1600-x86_64	runtime	shared	4096	throughput	3	4949	30314713	150635124	750402375	19254231103	19254231103
keccak1600-x86_64	keccak1600-x86_64	runtime	shared	4096	latency	3	4949	30476093	151224323	750422171	19284710416	19284710416
keccak1600-x86_64	keccak1600-x86_64	fixed	shared	4096	throughput	3	4952	30383283	150814186	750802783	19315097089	19315097089
keccak1600-x86_64	keccak1600-x86_64	fixed	shared	4096	latency	3	4977	30438243	151226093	754613091	19345538712	19345538712
keccak1600-x86_64	keccak1600-x86_64	runtime	stack	4096	throughput	3	4891	30007024	148953604	741666702	19375548825	19375548825
keccak1600-x86_64	keccak1600-x86_64	runtime	stack	4096	latency	3	4939	30609503	152086307	748965126	19406161477	19406161477
keccak1600-x86_64	keccak1600-x86_64	fixed	stack	4096	throughput	3	4977	30837412	152894384	754513555	19437002750	19437002750
keccak1600-x86_64	keccak1600-x86_64	fixed	stack	4096	latency	3	4904	30044394	149065045	743466368	19467044073	19467044073
keccak1600-x86_64	keccak1600-x86_64	runtime	asm	4096	throughput	3	4954	30313514	150623702	751219959	19497360856	19497360856
keccak1600-x86_64	keccak1600-x86_64	runtime	asm	4096	latency	3	4604	28289278	140086810	698164724	19525653430	19525653430
keccak1600-x86_64	keccak1600-x86_64	fixed	asm	4096	throughput	3	4943	30240634	150372678	749364097	19555897223	19555897223
keccak1600-x86_64	keccak1600-x86_64	fixed	asm	4096	latency	3	4919	30097294	149643145	745745346	19585997636	19585997636
keccak1600-x86_64	keccak1600-x86_64	runtime	stack	4096	throughput	4	4927	30238553	150150668	747125706	19616239360	19616239360
keccak1600-x86_64	keccak1600-x86_64	runtime	stack	4096	latency	4	4891	30054464	149304609	741686265	19646297763	19646297763
keccak1600-x86_64	keccak1600-x86_64	fixed	stack	4096	throughput	4	4853	30108794	149696520	735715152	19676409806	19676409806
keccak1600-x86_64	keccak1600-x86_64	fixed	stack	4096	latency	4	4976	30537183	151766380	754381859	19706950689	19706950689
keccak1600-x86_64	keccak1600-x86_64	runtime	asm	4096	throughput	4	4931	30424054	151132722	747732261	19737378312	19737378312
keccak1600-x86_64	keccak1600-x86_64	runtime	asm	4096	latency	4	4972	30588103	152028560	753969344	19767969924	19767969924
keccak1600-x86_64	keccak1600-x86_64	fixed	asm	4096	throughput	4	4976	30850992	153080797	754366926	19798825217	19798825217
keccak1600-x86_64	keccak1600-x86_64	fixed	asm	4096	latency	4	4865	29743684	147793699	737558673	19828573141	19828573141
keccak1600-x86_64	keccak1600-x86_64	runtime	shared	4096	throughput	4	4889	30178694	149654623	741304753	19858755664	19858755664
keccak1600-x86_64	keccak1600-x86_64	runtime	shared	4096	latency	4	4944	30380433	150839081	749664007	19889137057	19889137057
keccak1600-x86_64	keccak1600-x86_64	fixed	shared	4096	throughput	4	4863	30045254	149010383	737308960	19919188081	19919188081
keccak1600-x86_64	keccak1600-x86_64	fixed	shared	4096	latency	4	4940	30436803	150862382	749003148	19949630664	19949630664
keccak1600-x86_64	keccak1600-x86_64	control	empty	4096	throughput	0	2000000	2822054	13989570	32000318	19952457092	19952457092
keccak1600-x86_64	keccak1600-x86_64	control	empty	4096	latency	0	2000000	4023141	20068246	40000320	19956483328	19956483328
keccak1600-x86_64	keccak1600-x86_64	runtime	shared	16384	throughput	0	1261	30252904	149983106	745484631	19986740341	19986740341
keccak1600-x86_64	keccak1600-x86_64	runtime	shared	16384	latency	0	1265	30500463	151164841	747854433	20017246393	20017246393
keccak1600-x86_64	keccak1600-x86_64	fixed	shared	16384	throughput	0	1238	29537595	146603026	731873758	20046788836	20046788836
keccak1600-x86_64	keccak1600-x86_64	fixed	shared	16384	latency	0	1236	29710635	147441128	730696358	20076506059	20076506059
keccak1600-x86_64	keccak1600-x86_64	runtime	stack	16384	throughput	0	1262	30382323	150746317	746090961	20106891812	20106891812
keccak1600-x86_64	keccak1600-x86_64	runtime	stack	16384	latency	0	1243	29892824	148361550	734863189	20136788335	20136788335
keccak1600-x86_64	keccak1600-x86_64	fixed	stack	16384	throughput	0	1273	30593283	151849564	752550853	20167385157	20167385157
keccak1600-x86_64	keccak1600-x86_64	fixed	stack	16384	latency	0	1260	30494863	151540101	744870770	20197883440	20197883440
keccak1600-x86_64	keccak1600-x86_64	runtime	asm	16384	throughput	0	1248	30086094	149768648	737814200	20227973053	20227973053
keccak1600-x86_64	keccak1600-x86_64	runtime	asm	16384	latency	0	1264	30465603	151179276	747278416	20258443316	20258443316
keccak1600-x86_64	keccak1600-x86_64	fixed	asm	16384	throughput	0	1239	29920544	148726678	732452548	20288368940	20288368940
keccak1600-x86_64	keccak1600-x86_64	fixed	asm	16384	latency	0	1174	28256228	140079380	694031582	20316629785	20316629785
keccak1600-x86_64	keccak1600-x86_64	runtime	stack	16384	throughput	1	1242	29946235	148208791	734267023	20346575759	20346575759
keccak1600-x86_64	keccak1600-x86_64	runtime	stack	16384	latency	1	1237	30076714	149067768	731315983	20376658112	20376658112
keccak1600-x86_64	keccak1600-x86_64	fixed	stack	16384	throughput	1	1254	30327383	150401376	741318756	20406992175	20406992175
keccak1600-x86_64	keccak1600-x86_64	fixed	stack	16384	latency	1	1242	29950794	148400976	734229767	20436947028	20436947028
keccak1600-x86_64	keccak1600-x86_64	runtime	asm	16384	throughput	1	1254	30639183	151729226	741361386	20467590111	20467590111
keccak1600-x86_64	keccak1600-x86_64	runtime	asm	16384	latency	1	1241	30361494	150525563	733680790	20497956114	20497956114
keccak1600-x86_64	keccak1600-x86_64	fixed	asm	16384	throughput	1	1110	26843781	133001540	656192384	20524806810	20524806810
keccak1600-x86_64	keccak1600-x86_64	fixed	asm	16384	latency	1	1237	29745194	147347024	731275170	20554558693	20554558693
keccak1600-x86_64	keccak1600-x86_64	runtime	shared	16384	throughput	1	1262	30303974	150185727	746075815	20584868826	20584868826
keccak1600-x86_64	keccak1600-x86_64	runtime	shared	16384	latency	1	1263	30420243	150810925	746672056	20615292749	20615292749
keccak1600-x86_64	keccak1600-x86_64	fixed	shared	16384	throughput	1	1230	29428066	145907928	727144371	20644724423	20644724423
keccak1600-x86_64	keccak1600-x86_64	fixed	shared	16384	latency	1	1274	30427013	150895361	753161129	20675154816	20675154816
keccak1600-x86_64	keccak1600-x86_64	runtime	asm	16384	throughput	2	1241	30457533	151168072	733675832	20705615779	20705615779
keccak1600-x86_64	keccak1600-x86_64	runtime	asm	16384	latency	2	1252	30321354	150434381	740184001	20735940292	20735940292
keccak1600-x86_64	keccak1600-x86_64	fixed	asm	16384	throughput	2	1270	30576772	151582032	750778633	20766520535	20766520535
keccak1600-x86_64	keccak1600-x86_64	fixed	asm	16384	latency	2	1225	29336126	145566102	724181151	20795860969	20795860969
keccak1600-x86_64	keccak1600-x86_64	runtime	shared	16384	throughput	2	1225	29337696	145617263	724201976	20825202183	20825202183
keccak1600-x86_64	keccak1600-x86_64	runtime	shared	16384	latency	2	1247	29792364	147863407	737213033	20854993167	20854993167
keccak1600-x86_64	keccak1600-x86_64	fixed	shared	16384	throughput	2	1264	30645773	151892434	747244285	20885644780	20885644780
keccak1600-x86_64	keccak1600-x86_64	fixed	shared	16384	latency	2	1250	30068264	148886446	738972855	20915718223	20915718223
keccak1600-x86_64	keccak1600-x86_64	runtime	stack	16384	throughput	2	1215	29113476	144208408	718304707	20944837137	20944837137
keccak1600-x86_64	keccak1600-x86_64	runtime	stack	16384	latency	2	1269	30398533	150864482	750234421	20975240010	20975240010
keccak1600-x86_64	keccak1600-x86_64	fixed	stack	16384	throughput	2	1248	30030194	148854431	737771772	21005275034	21005275034
keccak1600-x86_64	keccak1600-x86_64	fixed	stack	16384	latency	2	1199	29080706	144146199	708809580	21034361228	21034361228
keccak1600-x86_64	keccak1600-x86_64	runtime	shared	16384	throughput	3	1219	29293376	145186867	720654863	21063660222	21063660222
keccak1600-x86_64	keccak1600-x86_64	runtime	shared	16384	latency	3	1257	30255113	149979320	743124921	21093920816	21093920816
keccak1600-x86_64	keccak1600-x86_64	fixed	shared	16384	throughput	3	1242	29651475	147031997	734238460	21123576439	21123576439
keccak1600-x86_64	keccak1600-x86_64	fixed	shared	16384	latency	3	1268	30319863	150338223	749614054	21153899832	21153899832
keccak1600-x86_64	keccak1600-x86_64	runtime	stack	16384	throughput	3	1262	30300473	150311556	746090967	21184203565	21184203565
keccak1600-x86_64	keccak1600-x86_64	runtime	stack	16384	latency	3	1240	29845885	147971009	733089594	21214053119	21214053119
keccak1600-x86_64	keccak1600-x86_64	fixed	stack	16384	throughput	3	1263	30283014	150173686	746639218	21244339612	21244339612
keccak1600-x86_64	keccak1600-x86_64	fixed	stack	16384	latency	3	1258	30335743	150418282	743688437	21274679025	21274679025
keccak1600-x86_64	keccak1600-x86_64	runtime	asm	16384	throughput	3	1222	29358645	145562671	722443084	21304041249	21304041249
keccak1600-x86_64	keccak1600-x86_64	runtime	asm	16384	latency	3	1264	30483493	150998811	747278422	21334516422	21334516422
keccak1600-x86_64	keccak1600-x86_64	fixed	asm	16384	throughput	3	1177	28296557	140273524	695800371	21362816817	21362816817
keccak1600-x86_64	keccak1600-x86_64	fixed	asm	16384	latency	3	1265	30335084	150407194	747827867	21393155410	21393155410
keccak1600-x86_64	keccak1600-x86_64	runtime	stack	16384	throughput	4	1250	29866515	148183910	738996604	21423025454	21423025454
keccak1600-x86_64	keccak1600-x86_64	runtime	stack	16384	latency	4	1273	30752103	152806731	752599227	21453780777	21453780777
keccak1600-x86_64	keccak1600-x86_64	fixed	stack	16384	throughput	4	1271	30315713	150642830	751368523	21484099810	21484099810
keccak1600-x86_64	keccak1600-x86_64	fixed	stack	16384	latency	4	1230	29419265	145852942	727135757	21513522354	21513522354
keccak1600-x86_64	keccak1600-x86_64	runtime	asm	16384	throughput	4	1266	30519133	151594012	748455756	21544044806	21544044806
keccak1600-x86_64	keccak1600-x86_64	runtime	asm	16384	latency	4	1253	30276613	150479130	740775195	21574324919	21574324919
keccak1600-x86_64	keccak1600-x86_64	fixed	asm	16384	throughput	4	1255	30392933	150958584	741911167	21604721362	21604721362
keccak1600-x86_64	keccak1600-x86_64	fixed	asm	16384	latency	4	1229	29811595	148231887	726545819	21634536326	21634536326
keccak1600-x86_64	keccak1600-x86_64	runtime	shared	16384	throughput	4	1216	29153496	144876500	718881305	21663693370	21663693370
keccak1600-x86_64	keccak1600-x86_64	runtime	shared	16384	latency	4	1269	30318313	150705363	750219190	21694015073	21694015073
keccak1600-x86_64	keccak1600-x86_64	fixed	shared	16384	throughput	4	1247	29844615	148204807	737194326	21723863086	21723863086
keccak1600-x86_64	keccak1600-x86_64	fixed	shared	16384	latency	4	1257	30141234	149654991	743111093	21754008160	21754008160
keccak1600-x86_64	keccak1600-x86_64	control	empty	16384	throughput	0	2000000	2817994	13992813	32000319	21756829317	21756829317
keccak1600-x86_64	keccak1600-x86_64	control	empty	16384	latency	0	2000000	4035231	20155257	40000320	21760867533	21760867533
keccak1600-x86_64	keccak1600-x86_64	runtime	shared	131072	throughput	0	157	29904534	148803842	739218679	21790776536	21790776536
keccak1600-x86_64	keccak1600-x86_64	runtime	shared	131072	latency	0	157	30042834	149098728	739219303	21820823610	21820823610
keccak1600-x86_64	keccak1600-x86_64	fixed	shared	131072	throughput	0	156	29884024	148586573	734508565	21850712714	21850712714
keccak1600-x86_64	keccak1600-x86_64	fixed	shared	131072	latency	0	156	29712025	147544511	734509188	21880428987	21880428987
keccak1600-x86_64	keccak1600-x86_64	runtime	stack	131072	throughput	0	156	29992205	149025502	734512151	21910425130	21910425130
keccak1600-x86_64	keccak1600-x86_64	runtime	stack	131072	latency	0	153	29615485	147126878	720387536	21940045324	21940045324
keccak1600-x86_64	keccak1600-x86_64	fixed	stack	131072	throughput	0	157	30075274	149503411	739215694	21970124368	21970124368
keccak1600-x86_64	keccak1600-x86_64	fixed	stack	131072	latency	0	158	31515461	157029503	743924714	22001643560	22001643560
keccak1600-x86_64	keccak1600-x86_64	runtime	asm	131072	throughput	0	158	30126963	149804284	743928972	22031774663	22031774663
keccak1600-x86_64	keccak1600-x86_64	runtime	asm	131072	latency	0	158	31247041	155051137	743929608	22063026166	22063026166
keccak1600-x86_64	keccak1600-x86_64	fixed	asm	131072	throughput	0	158	30130784	149571143	743924397	22093153219	22093153219
keccak1600-x86_64	keccak1600-x86_64	fixed	asm	131072	latency	0	151	29754665	147638403	710966329	22122916173	22122916173
keccak1600-x86_64	keccak1600-x86_64	runtime	stack	131072	throughput	1	154	29524075	146392692	725095340	22152446357	22152446357
keccak1600-x86_64	keccak1600-x86_64	runtime	stack	131072	latency	1	157	30235754	149912680	739221203	22182653620	22182653620
keccak1600-x86_64	keccak1600-x86_64	fixed	stack	131072	throughput	1	158	30064564	149322296	743924077	22212722553	22212722553
keccak1600-x86_64	keccak1600-x86_64	fixed	stack	131072	latency	1	156	29658304	147131220	734507944	22242384707	22242384707
keccak1600-x86_64	keccak1600-x86_64	runtime	asm	131072	throughput	1	154	29643875	147186931	725095336	22272032221	22272032221
keccak1600-x86_64	keccak1600-x86_64	runtime	asm	131072	latency	1	157	30123064	149442575	739221187	22302159474	22302159474
keccak1600-x86_64	keccak1600-x86_64	fixed	asm	131072	throughput	1	156	29705294	147381496	734507630	22331869107	22331869107
keccak1600-x86_64	keccak1600-x86_64	fixed	asm	131072	latency	1	156	29761194	147579207	734508250	22361634470	22361634470
keccak1600-x86_64	keccak1600-x86_64	runtime	shared	131072	throughput	1	156	29710984	147302757	734510277	22391349454	22391349454
keccak1600-x86_64	keccak1600-x86_64	runtime	shared	131072	latency	1	157	29993714	148825959	739219306	22421346858	22421346858
keccak1600-x86_64	keccak1600-x86_64	fixed	shared	131072	throughput	1	157	30015955	148990853	739216948	22451366531	22451366531
keccak1600-x86_64	keccak1600-x86_64	fixed	shared	131072	latency	1	156	29697285	147295249	734509185	22481067484	22481067484
keccak1600-x86_64	keccak1600-x86_64	runtime	asm	131072	throughput	2	158	30123954	149421699	743928969	22511194977	22511194977
keccak1600-x86_64	keccak1600-x86_64	runtime	asm	131072	latency	2	154	30370863	150854525	725095955	22541569510	22541569510
keccak1600-x86_64	keccak1600-x86_64	fixed	asm	131072	throughput	2	157	30110043	149428190	739216016	22571685783	22571685783
keccak1600-x86_64	keccak1600-x86_64	fixed	asm	131072	latency	2	155	29662535	147033893	729799861	22601354247	22601354247
keccak1600-x86_64	keccak1600-x86_64	runtime	shared	131072	throughput	2	158	30029364	149048293	743927077	22631387470	22631387470
keccak1600-x86_64	keccak1600-x86_64	runtime	shared	131072	latency	2	158	30123864	149456112	743927713	22661514833	22661514833
keccak1600-x86_64	keccak1600-x86_64	fixed	shared	131072	throughput	2	158	30159304	149710527	743925339	22691677686	22691677686
keccak1600-x86_64	keccak1600-x86_64	fixed	shared	131072	latency	2	158	30071574	149246506	743925972	22721752890	22721752890
keccak1600-x86_64	keccak1600-x86_64	runtime	stack	131072	throughput	2	158	30041454	149208630	743928969	22751797923	22751797923
keccak1600-x86_64	keccak1600-x86_64	runtime	stack	131072	latency	2	155	29525216	146534630	729804364	22781320787	22781320787
keccak1600-x86_64	keccak1600-x86_64	fixed	stack	131072	throughput	2	154	29869095	148323725	725090564	22811194481	22811194481
keccak1600-x86_64	keccak1600-x86_64	fixed	stack	131072	latency	2	157	30319214	150655385	739216326	22841517394	22841517394
keccak1600-x86_64	keccak1600-x86_64	runtime	shared	131072	throughput	3	157	30413453	151062411	739218682	22871934327	22871934327
keccak1600-x86_64	keccak1600-x86_64	runtime	shared	131072	latency	3	158	30188544	149937945	743927709	22902126900	22902126900
keccak1600-x86_64	keccak1600-x86_64	fixed	shared	131072	throughput	3	158	30011004	148972439	743925340	22932142233	22932142233
keccak1600-x86_64	keccak1600-x86_64	fixed	shared	131072	latency	3	158	30166754	149820605	743925973	22962312816	22962312816
keccak1600-x86_64	keccak1600-x86_64	runtime	stack	131072	throughput	3	155	29991264	149155906	729803742	22992308209	22992308209
keccak1600-x86_64	keccak1600-x86_64	runtime	stack	131072	latency	3	158	29973745	149288508	743929604	23022285752	23022285752
keccak1600-x86_64	keccak1600-x86_64	fixed	stack	131072	throughput	3	158	29935555	149071186	743924075	23052224765	23052224765
keccak1600-x86_64	keccak1600-x86_64	fixed	stack	131072	latency	3	157	30000244	149088911	739216324	23082228809	23082228809
keccak1600-x86_64	keccak1600-x86_64	runtime	asm	131072	throughput	3	157	30325394	150360415	739220559	23112552732	23112552732
keccak1600-x86_64	keccak1600-x86_64	runtime	asm	131072	latency	3	153	29382006	145514922	720387535	23141944216	23141944216
keccak1600-x86_64	keccak1600-x86_64	fixed	asm	131072	throughput	3	155	29765714	148033836	729799243	23171716470	23171716470
keccak1600-x86_64	keccak1600-x86_64	fixed	asm	131072	latency	3	158	30120134	149904486	743925024	23201841793	23201841793
keccak1600-x86_64	keccak1600-x86_64	runtime	stack	131072	throughput	4	155	29451995	146580820	729803746	23231298536	23231298536
keccak1600-x86_64	keccak1600-x86_64	runtime	stack	131072	latency	4	154	29705385	147680823	725095953	23261007949	23261007949
keccak1600-x86_64	keccak1600-x86_64	fixed	stack	131072	throughput	4	158	29985285	149443080	743924077	23290996992	23290996992
keccak1600-x86_64	keccak1600-x86_64	fixed	stack	131072	latency	4	156	30056794	149556965	734507942	23321057226	23321057226
keccak1600-x86_64	keccak1600-x86_64	runtime	asm	131072	throughput	4	157	29832605	148553757	739220567	23350893270	23350893270
keccak1600-x86_64	keccak1600-x86_64	runtime	asm	131072	latency	4	157	30396113	151368102	739221195	23381293363	23381293363
keccak1600-x86_64	keccak1600-x86_64	fixed	asm	131072	throughput	4	157	29805234	148398697	739216012	23411098236	23411098236
keccak1600-x86_64	keccak1600-x86_64	fixed	asm	131072	latency	4	158	30646543	152190244	743925012	23441754049	23441754049
keccak1600-x86_64	keccak1600-x86_64	runtime	shared	131072	throughput	4	157	29963674	148653940	739218678	23471723492	23471723492
keccak1600-x86_64	keccak1600-x86_64	runtime	shared	131072	latency	4	157	30171014	149798562	739219307	23501901965	23501901965
keccak1600-x86_64	keccak1600-x86_64	fixed	shared	131072	throughput	4	155	29707305	147346749	729800177	23531614998	23531614998
keccak1600-x86_64	keccak1600-x86_64	fixed	shared	131072	latency	4	157	30044334	149122357	739217574	23561663881	23561663881
keccak1600-x86_64	keccak1600-x86_64	control	empty	131072	throughput	0	2000000	2810574	13997105	32000319	23564478358	23564478358
keccak1600-x86_64	keccak1600-x86_64	control	empty	131072	latency	0	2000000	4024241	20100797	40000320	23568506215	23568506215
